--
-- Script was generated by Devart dbForge Studio 2020 for MySQL, Version 9.0.338.0
-- Product home page: http://www.devart.com/dbforge/mysql/studio
-- Script date 11/18/2022 3:02:53 AM
-- Server version: 8.0.30
-- Client version: 4.1
--

-- 
-- Disable foreign keys
-- 
/*!40014 SET @OLD_FOREIGN_KEY_CHECKS=@@FOREIGN_KEY_CHECKS, FOREIGN_KEY_CHECKS=0 */;

-- 
-- Set SQL mode
-- 
/*!40101 SET @OLD_SQL_MODE=@@SQL_MODE, SQL_MODE='NO_AUTO_VALUE_ON_ZERO' */;

-- 
-- Set character set the client will use to send SQL statements to the server
--
SET NAMES 'utf8';

--
-- Set default database
--
USE quan_ly_website_ban_dien_thoai;

--
-- Drop table `categoryattribute`
--
DROP TABLE IF EXISTS categoryattribute;

--
-- Drop table `productattribute`
--
DROP TABLE IF EXISTS productattribute;

--
-- Drop table `attribute`
--
DROP TABLE IF EXISTS attribute;

--
-- Drop table `productitem`
--
DROP TABLE IF EXISTS productitem;

--
-- Drop table `importbilldetail`
--
DROP TABLE IF EXISTS importbilldetail;

--
-- Drop table `orderdetail`
--
DROP TABLE IF EXISTS orderdetail;

--
-- Drop table `product`
--
DROP TABLE IF EXISTS product;

--
-- Drop table `brand`
--
DROP TABLE IF EXISTS brand;

--
-- Drop table `category`
--
DROP TABLE IF EXISTS category;

--
-- Drop table `order`
--
DROP TABLE IF EXISTS `order`;

--
-- Drop table `orderstatus`
--
DROP TABLE IF EXISTS orderstatus;

--
-- Drop table `importbill`
--
DROP TABLE IF EXISTS importbill;

--
-- Drop table `user`
--
DROP TABLE IF EXISTS user;

--
-- Drop table `role`
--
DROP TABLE IF EXISTS role;

--
-- Set default database
--
USE quan_ly_website_ban_dien_thoai;

--
-- Create table `role`
--
CREATE TABLE role (
  RoleID int NOT NULL AUTO_INCREMENT COMMENT 'Khóa chính',
  RoleName varchar(255) DEFAULT NULL COMMENT 'Tên vai trò',
  PRIMARY KEY (RoleID)
)
ENGINE = INNODB,
AUTO_INCREMENT = 5,
AVG_ROW_LENGTH = 4096,
CHARACTER SET utf8mb4,
COLLATE utf8mb4_0900_ai_ci,
COMMENT = 'Bảng vai trò người dùng';

--
-- Create table `user`
--
CREATE TABLE user (
  UserID int NOT NULL AUTO_INCREMENT COMMENT 'Khóa chính',
  UserAccount varchar(255) DEFAULT NULL COMMENT 'Tài khoản người dùng',
  Password varchar(255) DEFAULT NULL COMMENT 'Mật khẩu',
  UserName varchar(255) DEFAULT NULL COMMENT 'Tên người dùng',
  Address varchar(255) DEFAULT NULL COMMENT 'Địa chỉ',
  Email varchar(255) DEFAULT NULL COMMENT 'Email',
  PhoneNumber varchar(20) DEFAULT NULL COMMENT 'Số điện thoại',
  Image text DEFAULT NULL COMMENT 'Hình ảnh avatar',
  RoleID int DEFAULT NULL COMMENT 'Vai trò người dùng (Khóa ngoại)',
  PRIMARY KEY (UserID)
)
ENGINE = INNODB,
AUTO_INCREMENT = 14,
AVG_ROW_LENGTH = 2730,
CHARACTER SET utf8mb4,
COLLATE utf8mb4_0900_ai_ci,
COMMENT = 'Bảng người dùng';

--
-- Create foreign key
--
ALTER TABLE user
ADD CONSTRAINT FK_user_role_RoleID FOREIGN KEY (RoleID)
REFERENCES role (RoleID);

--
-- Create table `importbill`
--
CREATE TABLE importbill (
  ImportBillID int NOT NULL AUTO_INCREMENT COMMENT 'Khóa chính',
  ImportBillCode varchar(255) DEFAULT NULL COMMENT 'Mã đơn nhập',
  SupplierID int DEFAULT NULL COMMENT 'Nhà cung cấp (Khóa ngoại)',
  EmployeeID int DEFAULT NULL COMMENT 'Nhân viên xác nhận (Khóa ngoại)',
  ImportDate datetime DEFAULT NULL COMMENT 'Ngày nhập',
  TotalPrice float DEFAULT NULL COMMENT 'Tổng tiền',
  PRIMARY KEY (ImportBillID)
)
ENGINE = INNODB,
AUTO_INCREMENT = 6,
CHARACTER SET utf8mb4,
COLLATE utf8mb4_0900_ai_ci,
COMMENT = 'Bảng hóa đơn nhập hàng';

--
-- Create foreign key
--
ALTER TABLE importbill
ADD CONSTRAINT FK_importbill_EmployeeID FOREIGN KEY (EmployeeID)
REFERENCES user (UserID);

--
-- Create foreign key
--
ALTER TABLE importbill
ADD CONSTRAINT FK_importbill_user_UserID FOREIGN KEY (SupplierID)
REFERENCES user (UserID);

--
-- Create table `orderstatus`
--
CREATE TABLE orderstatus (
  OrderStatusID int NOT NULL AUTO_INCREMENT COMMENT 'Khóa chính',
  OrderStatus varchar(255) DEFAULT NULL COMMENT 'Trạng thái đơn đặt',
  PRIMARY KEY (OrderStatusID)
)
ENGINE = INNODB,
AUTO_INCREMENT = 5,
AVG_ROW_LENGTH = 4096,
CHARACTER SET utf8mb4,
COLLATE utf8mb4_0900_ai_ci,
COMMENT = 'Bảng trạng thái đơn đặt';

--
-- Create table `order`
--
CREATE TABLE `order` (
  OrderID int NOT NULL AUTO_INCREMENT COMMENT 'Khóa chính',
  OrderCode varchar(255) DEFAULT NULL COMMENT 'Mã đơn hàng',
  CustomerID int DEFAULT NULL COMMENT 'Người đặt (Khóa ngoại)',
  EmployeeID int DEFAULT NULL COMMENT 'Nhân viên xác nhận (Khóa ngoại)',
  OrderDate datetime DEFAULT NULL COMMENT 'Thời gian đặt',
  TotalPrice float DEFAULT NULL COMMENT 'Tổng tiền',
  OrderStatusID int DEFAULT NULL COMMENT 'Trạng thái (Khóa ngoại)',
  Address varchar(255) DEFAULT NULL COMMENT 'Địa chỉ nhận hàng',
  PRIMARY KEY (OrderID)
)
ENGINE = INNODB,
AUTO_INCREMENT = 24,
AVG_ROW_LENGTH = 5461,
CHARACTER SET utf8mb4,
COLLATE utf8mb4_0900_ai_ci,
COMMENT = 'Bảng đơn đặt hàng (Hóa đơn bán hàng)';

--
-- Create foreign key
--
ALTER TABLE `order`
ADD CONSTRAINT FK_order_EmployeeID FOREIGN KEY (EmployeeID)
REFERENCES user (UserID);

--
-- Create foreign key
--
ALTER TABLE `order`
ADD CONSTRAINT FK_order_orderstatus_OrderStatusID FOREIGN KEY (OrderStatusID)
REFERENCES orderstatus (OrderStatusID);

--
-- Create foreign key
--
ALTER TABLE `order`
ADD CONSTRAINT FK_order_user_UserID FOREIGN KEY (CustomerID)
REFERENCES user (UserID);

--
-- Create table `category`
--
CREATE TABLE category (
  CategoryID int NOT NULL AUTO_INCREMENT COMMENT 'Khóa chính',
  ProductCategoryName varchar(255) DEFAULT NULL COMMENT 'Tên loại sản phẩm',
  CategoryParentID int DEFAULT NULL COMMENT 'Loại sản phẩm cha (Khóa ngoại)',
  PRIMARY KEY (CategoryID)
)
ENGINE = INNODB,
AUTO_INCREMENT = 6,
AVG_ROW_LENGTH = 3276,
CHARACTER SET utf8mb4,
COLLATE utf8mb4_0900_ai_ci,
COMMENT = 'Bảng loại sản phẩm';

--
-- Create foreign key
--
ALTER TABLE category
ADD CONSTRAINT FK_category_category_CategoryID FOREIGN KEY (CategoryParentID)
REFERENCES category (CategoryID);

--
-- Create table `brand`
--
CREATE TABLE brand (
  BrandID int NOT NULL AUTO_INCREMENT COMMENT 'Khóa chính',
  BrandParentID int DEFAULT NULL COMMENT 'Thương hiệu con (Khóa ngoại)',
  BrandName varchar(255) DEFAULT NULL COMMENT 'Tên thương hiệu',
  PRIMARY KEY (BrandID)
)
ENGINE = INNODB,
AUTO_INCREMENT = 6,
AVG_ROW_LENGTH = 3276,
CHARACTER SET utf8mb4,
COLLATE utf8mb4_0900_ai_ci,
COMMENT = 'Bảng thương hiệu';

--
-- Create foreign key
--
ALTER TABLE brand
ADD CONSTRAINT FK_brand_brand_BrandID FOREIGN KEY (BrandParentID)
REFERENCES brand (BrandID);

--
-- Create table `product`
--
CREATE TABLE product (
  ProductID int NOT NULL AUTO_INCREMENT COMMENT 'Khóa chính',
  ProductParentID int DEFAULT NULL COMMENT 'Sản phẩm cha (Khóa ngoại)',
  ProductCode varchar(255) DEFAULT NULL COMMENT 'Mã sản phẩm',
  ProductName varchar(255) DEFAULT NULL COMMENT 'Tên sản phẩm',
  Type int DEFAULT NULL COMMENT 'Loại (1: sản phẩm thông thường, 2: sản phẩm có nhiều phân loại)',
  CategoryID int DEFAULT NULL COMMENT 'Phân loại sản phẩm (Khóa ngoại)',
  BrandID int DEFAULT NULL COMMENT 'Thương hiệu (Khóa ngoại)',
  Price float DEFAULT NULL COMMENT 'Giá bán',
  OutwardPrice float DEFAULT NULL COMMENT 'Giá nhập',
  ProductDescription text DEFAULT NULL COMMENT 'Mô tả',
  Amount int DEFAULT NULL COMMENT 'Số lượng',
  Image varchar(255) DEFAULT NULL COMMENT 'Hình ảnh',
  Active varchar(5) DEFAULT NULL COMMENT 'Trạng thái',
  CreatedDate datetime DEFAULT NULL,
  ModifiedDate datetime DEFAULT NULL,
  PRIMARY KEY (ProductID)
)
ENGINE = INNODB,
AUTO_INCREMENT = 27,
AVG_ROW_LENGTH = 14043,
CHARACTER SET utf8mb4,
COLLATE utf8mb4_0900_ai_ci,
COMMENT = 'Bảng sản phẩm';

--
-- Create foreign key
--
ALTER TABLE product
ADD CONSTRAINT FK_product_brand_BrandID FOREIGN KEY (BrandID)
REFERENCES brand (BrandID);

--
-- Create foreign key
--
ALTER TABLE product
ADD CONSTRAINT FK_product_product_ProductID FOREIGN KEY (ProductParentID)
REFERENCES product (ProductID);

--
-- Create foreign key
--
ALTER TABLE product
ADD CONSTRAINT FK_product_productcategory_ProductCategoryID FOREIGN KEY (CategoryID)
REFERENCES category (CategoryID);

--
-- Create table `orderdetail`
--
CREATE TABLE orderdetail (
  OrderDetailID int NOT NULL AUTO_INCREMENT COMMENT 'Khóa chính',
  OrderID int DEFAULT NULL COMMENT 'Đơn đặt hàng (Khóa ngoại)',
  ProductID int DEFAULT NULL COMMENT 'Sản phẩm (Khóa ngoại)',
  Price float DEFAULT NULL COMMENT 'Đơn giá bán',
  Amount int DEFAULT NULL COMMENT 'Số lượng',
  TotalPrice float DEFAULT NULL COMMENT 'Thành tiền',
  PRIMARY KEY (OrderDetailID)
)
ENGINE = INNODB,
AUTO_INCREMENT = 25,
AVG_ROW_LENGTH = 1820,
CHARACTER SET utf8mb4,
COLLATE utf8mb4_0900_ai_ci,
COMMENT = 'Bảng chi tiết đơn đặt';

--
-- Create index `FK_orderdetail_productitem_ProductItemID` on table `orderdetail`
--
ALTER TABLE orderdetail
ADD INDEX FK_orderdetail_productitem_ProductItemID (ProductID);

--
-- Create foreign key
--
ALTER TABLE orderdetail
ADD CONSTRAINT FK_orderdetail_order_OrderID FOREIGN KEY (OrderID)
REFERENCES `order` (OrderID);

--
-- Create foreign key
--
ALTER TABLE orderdetail
ADD CONSTRAINT FK_orderdetail_product_ProductID FOREIGN KEY (ProductID)
REFERENCES product (ProductID);

--
-- Create table `importbilldetail`
--
CREATE TABLE importbilldetail (
  ImportBillDetailID int NOT NULL AUTO_INCREMENT COMMENT 'Khóa chính',
  ImportBillID int DEFAULT NULL COMMENT 'Hóa đơn nhập (Khóa ngoại)',
  ProductID int DEFAULT NULL COMMENT 'Sản phẩm (Khóa ngoại)',
  Price float DEFAULT NULL COMMENT 'Đơn giá nhập',
  Amount int DEFAULT NULL COMMENT 'Số lượng',
  TotalPrice float DEFAULT NULL COMMENT 'Thành tiền',
  PRIMARY KEY (ImportBillDetailID)
)
ENGINE = INNODB,
AUTO_INCREMENT = 6,
CHARACTER SET utf8mb4,
COLLATE utf8mb4_0900_ai_ci,
COMMENT = 'Bảng chi tiết hóa đơn nhập';

--
-- Create foreign key
--
ALTER TABLE importbilldetail
ADD CONSTRAINT FK_importbilldetail_importbill_ImportBillID FOREIGN KEY (ImportBillID)
REFERENCES importbill (ImportBillID);

--
-- Create foreign key
--
ALTER TABLE importbilldetail
ADD CONSTRAINT FK_importbilldetail_product_ProductID FOREIGN KEY (ProductID)
REFERENCES product (ProductID);

--
-- Create table `productitem`
--
CREATE TABLE productitem (
  ProductItemID int NOT NULL AUTO_INCREMENT COMMENT 'Khóa ngoại thông tin chi tiết sản phâm',
  ProductID int NOT NULL COMMENT 'Sản phẩm (Khóa ngoại)',
  OrderDetailID int DEFAULT NULL COMMENT 'Chi tiết đơn đặt (Khóa ngoại)',
  ImportBillDetailID int DEFAULT NULL COMMENT 'Chi tiết đơn nhập (Khóa ngoại)',
  SKU varchar(255) DEFAULT NULL COMMENT 'Số định danh xác định cho từng sản phẩm (VD: IMEI)',
  Status bit(1) DEFAULT NULL COMMENT 'Trạng thái (0: Chưa bán, 1: Đã bán)',
  PRIMARY KEY (ProductItemID)
)
ENGINE = INNODB,
AUTO_INCREMENT = 6,
CHARACTER SET utf8mb4,
COLLATE utf8mb4_0900_ai_ci,
COMMENT = 'Bảng chi tiết từng sản phẩm';

--
-- Create foreign key
--
ALTER TABLE productitem
ADD CONSTRAINT FK_productitem_importbilldetail_ImportBillDetailID FOREIGN KEY (ImportBillDetailID)
REFERENCES importbilldetail (ImportBillDetailID);

--
-- Create foreign key
--
ALTER TABLE productitem
ADD CONSTRAINT FK_productitem_orderdetail_OrderDetailID FOREIGN KEY (OrderDetailID)
REFERENCES orderdetail (OrderDetailID);

--
-- Create foreign key
--
ALTER TABLE productitem
ADD CONSTRAINT FK_productitem_product_ProductID FOREIGN KEY (ProductID)
REFERENCES product (ProductID);

--
-- Create table `attribute`
--
CREATE TABLE attribute (
  AttributeID int NOT NULL AUTO_INCREMENT COMMENT 'Khóa chính',
  ProductID int DEFAULT NULL COMMENT 'Sản phẩm (khóa ngoại)',
  AttributeName varchar(255) DEFAULT NULL COMMENT 'Tên loại đặc trưng',
  CreatedDate datetime DEFAULT NULL,
  ModifiedDate datetime DEFAULT NULL,
  PRIMARY KEY (AttributeID)
)
ENGINE = INNODB,
AUTO_INCREMENT = 30,
AVG_ROW_LENGTH = 2048,
CHARACTER SET utf8mb4,
COLLATE utf8mb4_0900_ai_ci,
COMMENT = 'Bảng thuộc tính';

--
-- Create index `FK_variation_product_ProductID` on table `attribute`
--
ALTER TABLE attribute
ADD INDEX FK_variation_product_ProductID (ProductID);

--
-- Create table `productattribute`
--
CREATE TABLE productattribute (
  ProductAttributeID int NOT NULL AUTO_INCREMENT COMMENT 'Khóa chính',
  ProductID int DEFAULT NULL,
  AttributeID int DEFAULT NULL COMMENT 'Loại đặc trưng (Khóa ngoại)',
  Value varchar(255) DEFAULT NULL COMMENT 'Giá trị',
  PRIMARY KEY (ProductAttributeID)
)
ENGINE = INNODB,
AUTO_INCREMENT = 114,
AVG_ROW_LENGTH = 420,
CHARACTER SET utf8mb4,
COLLATE utf8mb4_0900_ai_ci,
COMMENT = 'Bảng trung gian giữa bản sản phẩm và thuộc tính';

--
-- Create foreign key
--
ALTER TABLE productattribute
ADD CONSTRAINT FK_productvariation_product_ProductID FOREIGN KEY (ProductID)
REFERENCES product (ProductID);

--
-- Create foreign key
--
ALTER TABLE productattribute
ADD CONSTRAINT FK_variationoption_variation_VariationID FOREIGN KEY (AttributeID)
REFERENCES attribute (AttributeID);

--
-- Create table `categoryattribute`
--
CREATE TABLE categoryattribute (
  CategoryVariationID int NOT NULL AUTO_INCREMENT,
  CategoryID int DEFAULT NULL,
  AttributeID int DEFAULT NULL,
  CreatedDate datetime DEFAULT NULL,
  ModifiedDate datetime DEFAULT NULL,
  PRIMARY KEY (CategoryVariationID)
)
ENGINE = INNODB,
AUTO_INCREMENT = 28,
AVG_ROW_LENGTH = 1092,
CHARACTER SET utf8mb4,
COLLATE utf8mb4_0900_ai_ci,
COMMENT = 'Bảng trung gian giữa bảng loại sản phẩm và thuộc tính';

--
-- Create foreign key
--
ALTER TABLE categoryattribute
ADD CONSTRAINT FK_categoryvariation_category_CategoryID FOREIGN KEY (CategoryID)
REFERENCES category (CategoryID);

--
-- Create foreign key
--
ALTER TABLE categoryattribute
ADD CONSTRAINT FK_categoryvariation_variation_VariationID FOREIGN KEY (AttributeID)
REFERENCES attribute (AttributeID);

-- 
-- Dumping data for table role
--
INSERT INTO role VALUES
(1, 'admin'),
(2, 'employee'),
(3, 'supplier'),
(4, 'customer');

-- 
-- Dumping data for table orderstatus
--
INSERT INTO orderstatus VALUES
(1, 'Đang xử lý'),
(2, 'Đang giao hàng'),
(3, 'Giao hàng thành công'),
(4, 'Hủy đơn hàng');

-- 
-- Dumping data for table category
--
INSERT INTO category VALUES
(1, 'Điện thoại', NULL),
(2, 'Đồng hồ', NULL),
(3, 'Máy tính bảng', NULL),
(4, 'Laptop', NULL),
(5, 'Phụ kiện', NULL);

-- 
-- Dumping data for table brand
--
INSERT INTO brand VALUES
(1, NULL, 'Apple'),
(2, NULL, 'Xiaomi'),
(3, NULL, 'Vivo'),
(4, NULL, 'Nokia'),
(5, NULL, 'Samsung');

-- 
-- Dumping data for table user
--
INSERT INTO user VALUES
(8, 'Admin', '$2y$10$cLAbwCg1TVkUGB0u4adFU.E.rkZi7SggK1uHkb1ygUgAvfVTp7Oie', 'Admin', NULL, NULL, NULL, 'avt.png', 1),
(9, NULL, NULL, 'Thế giới di động', 'Cầu giấy', 'tgdd@gmail.com', '0123456789', NULL, 3),
(10, 'hoanganh', '$2y$10$2z/UwDnK85tSwMKtvyhlHOf5q3tRl4A8aUXT0UCA4LY3KrGqIW17i', 'Nguyễn Hoàng Anh', 'Hà Nội', 'hoanganh@gmail.com', '0987654321', 'avt.png', 4),
(11, 'huy', '$2y$10$q0aI0gDvJxjMcE0J0cg4VODRpGLh6NojRtpC0XOt5jbBFwLy2ikTK', 'Ngô Quang Huy', 'Đông Anh, Hà Nội', 'huy@gmail.com', '0987654321', NULL, 2),
(12, 'dat', '$2y$10$EW60zMpZA4EMU7NpY63XMeurj/bXRHn2WHlj7FSTlLXkT/5/5TbhK', 'Nguyễn Kim Đạt', 'Thanh Hóa', 'Admin', '0987654321', 'avt.png', 4),
(13, 'hieu', '$2y$10$Wsii824m5ONQCUArHh4QeuWB192duQ3RAhMTAve/buNEU8Z3afJku', 'Trương Minh Hiếu', 'Thái Bình', 'Admin', '0987654321', 'avt.png', 4);

-- 
-- Dumping data for table `order`
--
INSERT INTO `order` VALUES
(21, 'DH-2022-11-17_19:40:21', 10, 8, '2022-11-17 19:40:21', 58000000, 3, 'Cầu Giấy, Hà Nội'),
(22, 'DH-2022-11-17_19:52:48', 12, NULL, '2022-11-17 19:52:48', 35000000, 1, 'Cầu Giấy, Hà Nội'),
(23, 'DH-2022-11-17_19:54:15', 13, NULL, '2022-11-17 19:54:15', 59000000, 1, 'Cầu Giấy, Hà Nội');

-- 
-- Dumping data for table product
--
INSERT INTO product VALUES
(20, NULL, 'SP-0001', 'Điện thoại iPhone 14', 1, 1, 1, 20000000, 15000000, '<h3>Giới thiệu về iPhone 14 Ch&iacute;nh h&atilde;ng</h3>\r\n\r\n<p>V&agrave;o 00h00p ng&agrave;y 08 th&aacute;ng 9 năm 2022, tại sự kiện&nbsp;Far Out, Apple đ&atilde; ch&iacute;nh thức c&ocirc;ng bố iPhone 14 series. Đ&acirc;y l&agrave; d&ograve;ng điện thoại được mong chờ nhất năm 2022 với những cải tiến về cả thiết kế v&agrave; hiệu năng. Trong lần ra mắt n&agrave;y, Apple đ&atilde; mang tới 4 si&ecirc;u phẩm mang t&ecirc;n: iPhone 14, iPhone 14 Plus, iPhone 14 Pro, iPhone 14 Pro Max. Trong đ&oacute; phi&ecirc;n bản thường <a href="https://mobilecity.vn/dien-thoai/iphone-14.html" target="_blank">iPhone 14 Ch&iacute;nh h&atilde;ng</a> l&agrave; chiếc m&aacute;y được thừa hưởng kh&aacute; nhiều n&eacute;t đẹp v&agrave; sức mạnh từ iPhone 13. iPhone 14 vẫn sở hữu thiết kế tai thỏ đẹp mắt đi k&egrave;m với con chip mạnh mẽ&nbsp;Apple A15 Bionic.<a href="https://mobilecity.vn/dien-thoai/iphone-14.html" target="_blank"><img alt="iPhone 14 Chính hãng giá rẻ nhất tại Hà Nội, Đà Nẵng, Tp.HCM" src="https://mobilecity.vn/px.gif?utm_source=dmca_copy&amp;utm_medium=iPhone%2014%20Ch%C3%ADnh%20h%C3%A3ng%20gi%C3%A1%20r%E1%BA%BB%20nh%E1%BA%A5t%20t%E1%BA%A1i%20H%C3%A0%20N%E1%BB%99i,%20%C4%90%C3%A0%20N%E1%BA%B5ng,%20Tp.HCM&amp;utm_campaign=https://mobilecity.vn/dien-thoai/iphone-14.html&amp;utm_content=%C4%90i%E1%BB%87n%20tho%E1%BA%A1i%20iPhone%2014%20Ch%C3%ADnh%20h%C3%A3ng%20VN/A%20gi%C3%A1%20r%E1%BA%BB%20t%E1%BA%A1i%20H%C3%A0%20N%E1%BB%99i,%20%C4%90%C3%A0%20N%E1%BA%B5ng,%20Tp.HCM.%20Mua%20%C4%91i%E1%BB%87n%20tho%E1%BA%A1i%20iPhone%2014%20thi%E1%BA%BFt%20k%E1%BA%BF%20sang%20tr%E1%BB%8Dng,%20hi%E1%BB%87u%20n%C4%83ng%20m%E1%BA%A1nh%20m%E1%BA%BD,%20h%E1%BB%97%20tr%E1%BB%A3%20tr%E1%BA%A3%20g%C3%B3p%20l%C3%A3i%20su%E1%BA%A5t%20th%E1%BA%A5p." style="height:1px; width:1px" /></a><a href="https://mobilecity.vn" target="_blank"><img alt="This article is referenced content from https://mobilecity.vn - iPhone 14 Chính hãng giá rẻ nhất tại Hà Nội, Đà Nẵng, Tp.HCM" src="https://mobilecity.vn/px.gif?utm_source=dmca_copy&amp;utm_medium=iPhone%2014%20Ch%C3%ADnh%20h%C3%A3ng%20gi%C3%A1%20r%E1%BA%BB%20nh%E1%BA%A5t%20t%E1%BA%A1i%20H%C3%A0%20N%E1%BB%99i,%20%C4%90%C3%A0%20N%E1%BA%B5ng,%20Tp.HCM&amp;utm_campaign=https://mobilecity.vn/dien-thoai/iphone-14.html&amp;utm_content=%C4%90i%E1%BB%87n%20tho%E1%BA%A1i%20iPhone%2014%20Ch%C3%ADnh%20h%C3%A3ng%20VN/A%20gi%C3%A1%20r%E1%BA%BB%20t%E1%BA%A1i%20H%C3%A0%20N%E1%BB%99i,%20%C4%90%C3%A0%20N%E1%BA%B5ng,%20Tp.HCM.%20Mua%20%C4%91i%E1%BB%87n%20tho%E1%BA%A1i%20iPhone%2014%20thi%E1%BA%BFt%20k%E1%BA%BF%20sang%20tr%E1%BB%8Dng,%20hi%E1%BB%87u%20n%C4%83ng%20m%E1%BA%A1nh%20m%E1%BA%BD,%20h%E1%BB%97%20tr%E1%BB%A3%20tr%E1%BA%A3%20g%C3%B3p%20l%C3%A3i%20su%E1%BA%A5t%20th%E1%BA%A5p." style="height:1px; width:1px" /></a></p>\r\n\r\n<p><img alt="iphone-14-19" src="https://cdn.mobilecity.vn/mobilecity-vn/images/2022/09/iphone-14-1.JPG.webp" style="height:533px; width:800px" /></p>\r\n\r\n<h3>Chip&nbsp;Apple A15 Bionic (5 nm) si&ecirc;u mạnh</h3>\r\n\r\n<p>iPhone 14 được trang bị con chip mạnh mẽ&nbsp;Apple A15 Bionic (5 nm). Chipset n&agrave;y được ra mắt v&agrave;o ng&agrave;y 15/09/2021, khi Apple cho ra mắt d&ograve;ng&nbsp;điện thoại&nbsp;iPhone 13 tr&ecirc;n đường đua c&ocirc;ng nghệ. Đ&acirc;y được xem l&agrave; một trong những con chip xử l&yacute; di động h&agrave;ng đầu thế giới với hiệu năng cực kỳ mạnh mẽ.</p>\r\n\r\n<p><img alt="iphone-14-5" src="https://cdn.mobilecity.vn/mobilecity-vn/images/2022/08/iphone-14-5.jpg.webp" style="height:450px; width:600px" /></p>\r\n\r\n<p>Với tiến tr&igrave;nh sản xuất 5nm+ mới nhất từ TSMC, chip Apple A15 Bionic sở hữu Neural Engine 16 l&otilde;i c&oacute; khả năng đạt 15.8 ngh&igrave;n tỷ hoạt động mỗi gi&acirc;y cho khả năng th&uacute;c đẩy mạnh hoạt động của Siri v&agrave; Live Text trong Camera cũng như cải thiện việc học m&aacute;y.</p>\r\n\r\n<p><img alt="iphone-14-1" src="https://cdn.mobilecity.vn/mobilecity-vn/images/2022/08/iphone-14-1.jpg.webp" style="height:450px; width:600px" /></p>\r\n\r\n<p>Apple A15 Bionic sở hữu CPU 6 l&otilde;i mang lại hiệu suất tăng 40% c&ugrave;ng GPU 4 - 5 l&otilde;i mang lại hiệu suất đồ họa tăng đến 80% so với c&aacute;c thế hệ chip trước đ&oacute; của Apple.</p>\r\n\r\n<p><img alt="iphone-14-6" src="https://cdn.mobilecity.vn/mobilecity-vn/images/2022/08/iphone-14-6.jpg.webp" style="height:450px; width:600px" /></p>\r\n\r\n<h3>So s&aacute;nh iPhone 14 Ch&iacute;nh h&atilde;ng v&agrave; iPhone 13 Ch&iacute;nh h&atilde;ng</h3>\r\n\r\n<p>Như MobileCity đ&atilde; đề cập ph&iacute;a tr&ecirc;n, hai thế hệ nh&agrave; T&aacute;o l&agrave; iPhone 14 v&agrave; iPhone 13 sẽ kh&ocirc;ng c&oacute; qu&aacute; nhiều điểm kh&aacute;c biệt nhau. Apple vẫn sẽ sử dụng thiết kế tai thỏ tr&ecirc;n iPhone 14 kết hợp với khung viền v&aacute;t phẳng đi k&egrave;m hệ thống camera k&eacute;p ở mặt sau. Cả hai&nbsp;phi&ecirc;n bản ti&ecirc;u chu&acirc;̉n sẽ được hoàn thi&ecirc;̣n từ khung nh&ocirc;m chắc chắn và mặt lưng kính mang đ&ecirc;́n sự sang trọng và b&ecirc;̀n bỉ hơn. Tuy nhi&ecirc;n ở iPhone 14, Apple đ&atilde; đem đến 2 phi&ecirc;n bản m&agrave;u sắc v&ocirc; c&ugrave;ng ấn tượng v&agrave; bắt kịp xu hướng l&agrave; m&agrave;u xanh ghi v&agrave; m&agrave;u t&iacute;m nhạt cực kỳ nịnh mắt.</p>\r\n\r\n<p><img alt="iphone-14-67" src="https://cdn.mobilecity.vn/mobilecity-vn/images/2022/09/iphone-14-6.jpg.webp" style="height:450px; width:600px" /></p>\r\n\r\n<p><em>iPhone 14</em></p>\r\n\r\n<p>iPhone 14 vẫn sẽ tiếp tục gắn b&oacute; vời k&iacute;ch thước m&agrave;n h&igrave;nh 6,1 inch giống với chiếc m&aacute;y tiền nhiệm của m&igrave;nh l&agrave; iPhone 13. Cả hai thiết bị đều sở hữu m&agrave;n h&igrave;nh&nbsp;Super Retina XDR OLED đi k&egrave;m với độ ph&acirc;n giải&nbsp;1170 x 2532 pixels.</p>', 9, 'imgProduct1668707764-.webp', 'on', '2022-11-17 17:56:04', '2022-11-17 17:57:17'),
(21, NULL, 'SP-0002', 'Điện thoại iPhone 11', 1, 1, 1, 9000000, 7000000, '<p>Trong năm 2019 ngay Apple đ&atilde; cho ra mắt 3 sản phẩm cao cấp l&agrave; iPhone 11, iPhone 11 Pro, iPhone 11 Pro Max. Trong đ&oacute;, sản phẩm c&oacute; gi&aacute; th&agrave;nh/hiệu năng tốt nhất ch&iacute;nh l&agrave; iPhone 11, SmartPhone cơ bản nhất trong cả 3 mẫu. iPhone 11 bản cũ c&oacute; 6 m&agrave;u sắc mới mẻ: Trắng, Đen, Đỏ, T&iacute;m, V&agrave;ng v&agrave; Xanh L&aacute;. Với t&iacute;n đồ iPhone&nbsp;<a href="https://mobilecity.vn/apple/iphone-11-cu.html">iPhone 11 cũ</a> hiện nay đ&atilde; c&oacute; gi&aacute; cực tốt, dễ d&agrave;ng trải nghiệm.<a href="https://mobilecity.vn/apple/iphone-11-cu.html" target="_blank"><img alt="Điện thoại iPhone 11 cũ Giá rẻ nhất tại Hà Nội, Tp.HCM, Đà Nẵng" src="https://mobilecity.vn/px.gif?utm_source=dmca_copy&amp;utm_medium=%C4%90i%E1%BB%87n%20tho%E1%BA%A1i%20iPhone%2011%20c%C5%A9%20Gi%C3%A1%20r%E1%BA%BB%20nh%E1%BA%A5t%20t%E1%BA%A1i%20H%C3%A0%20N%E1%BB%99i,%20Tp.HCM,%20%C4%90%C3%A0%20N%E1%BA%B5ng&amp;utm_campaign=https://mobilecity.vn/apple/iphone-11-cu.html&amp;utm_content=%C4%90i%E1%BB%87n%20tho%E1%BA%A1i%20iPhone%2011%20c%C5%A9%20(64GB%20%7C%20128GB)%20Ch%C3%ADnh%20h%C3%A3ng%20Gi%C3%A1%20r%E1%BA%BB%20H%C3%A0%20N%E1%BB%99i,%20Tp.HCM,%20%C4%90%C3%A0%20N%E1%BA%B5ng.%20Mua%20iPhone%2011%20gi%C3%A1%20c%E1%BB%B1c%20t%E1%BB%91t,%20B%E1%BA%A3o%20h%C3%A0nh%20d%C3%A0i%20l%C3%AAn%20t%E1%BB%9Bi%2012%20th%C3%A1ng,%20h%E1%BB%97%20tr%E1%BB%A3%20tr%E1%BA%A3%20g%C3%B3p%200%25." style="height:1px; width:1px" /></a><a href="https://mobilecity.vn" target="_blank"><img alt="This article is referenced content from https://mobilecity.vn - Điện thoại iPhone 11 cũ Giá rẻ nhất tại Hà Nội, Tp.HCM, Đà Nẵng" src="https://mobilecity.vn/px.gif?utm_source=dmca_copy&amp;utm_medium=%C4%90i%E1%BB%87n%20tho%E1%BA%A1i%20iPhone%2011%20c%C5%A9%20Gi%C3%A1%20r%E1%BA%BB%20nh%E1%BA%A5t%20t%E1%BA%A1i%20H%C3%A0%20N%E1%BB%99i,%20Tp.HCM,%20%C4%90%C3%A0%20N%E1%BA%B5ng&amp;utm_campaign=https://mobilecity.vn/apple/iphone-11-cu.html&amp;utm_content=%C4%90i%E1%BB%87n%20tho%E1%BA%A1i%20iPhone%2011%20c%C5%A9%20(64GB%20%7C%20128GB)%20Ch%C3%ADnh%20h%C3%A3ng%20Gi%C3%A1%20r%E1%BA%BB%20H%C3%A0%20N%E1%BB%99i,%20Tp.HCM,%20%C4%90%C3%A0%20N%E1%BA%B5ng.%20Mua%20iPhone%2011%20gi%C3%A1%20c%E1%BB%B1c%20t%E1%BB%91t,%20B%E1%BA%A3o%20h%C3%A0nh%20d%C3%A0i%20l%C3%AAn%20t%E1%BB%9Bi%2012%20th%C3%A1ng,%20h%E1%BB%97%20tr%E1%BB%A3%20tr%E1%BA%A3%20g%C3%B3p%200%25." style="height:1px; width:1px" /></a></p>\r\n\r\n<h3>So s&aacute;nh iPhone 11 v&agrave; iPhone XR</h3>\r\n\r\n<p>iPhone 11 ch&iacute;nh l&agrave; phi&ecirc;n bản kế nhiệm cận kề nhất của chiếc iPhone XR. Vậy c&oacute; đ&aacute;ng để n&acirc;ng cấp l&ecirc;n iPhone 11? Ch&uacute;ng ta c&ugrave;ng so s&aacute;nh hai thiết bị để trả lời c&acirc;u hỏi đ&oacute;.</p>\r\n\r\n<p><img alt="iphone-11-cu-tim" src="https://cdn.mobilecity.vn/mobilecity-vn/images/2021/11/iphone-11-cu-tim.jpg.webp" style="height:450px; width:600px" /></p>\r\n\r\n<p><em>iPhone 11 cũ</em></p>\r\n\r\n<ul>\r\n\t<li>&nbsp;Bảng so s&aacute;nh iPhone 11 v&agrave; iPhone XR</li>\r\n</ul>\r\n\r\n<p><img alt="so-anh-iphone-11-5" src="https://cdn.mobilecity.vn/mobilecity-vn/images/2022/10/so-anh-iphone-11-5.jpg.webp" style="height:450px; width:600px" /></p>\r\n\r\n<p>Về ngoại h&igrave;nh, iPhone 11 sở hữu những đặc điểm kh&aacute; nổi bật so với người tiền nhiệm XR đ&oacute; l&agrave; cụm camera sau. M&ocirc;-đun camera sau tr&ecirc;n iPhone 11 l&agrave; dạng vu&ocirc;ng với camera k&eacute;p được đặt thẳng h&agrave;ng, iPhone XR chỉ c&oacute; một camera đơn ph&iacute;a sau với với đường viền camera tr&ograve;n v&agrave; nhỏ. Như vậy chỉ cần nh&igrave;n mặt lưng l&agrave; c&oacute; thể nhận ra đ&acirc;u l&agrave; iPhone 11. Cụm camera vu&ocirc;ng cho iPhone 11 vẻ ngo&agrave;i sang trọng v&agrave; nổi bật hơn, kh&ocirc;ng c&ograve;n đơn điệu như iPhone XR.</p>\r\n\r\n<p><img alt="so-anh-iphone-11-3" src="https://cdn.mobilecity.vn/mobilecity-vn/images/2022/10/so-anh-iphone-11-3.jpg.webp" style="height:450px; width:600px" /></p>\r\n\r\n<p><em>Mặt lưng iPhone 11 c&oacute; t&iacute;nh nhận diện cao</em></p>\r\n\r\n<p>Camera cũng l&agrave; điểm thay đổi rất lớn của iPhone 11 so với iPhone XR, ngo&agrave;i camera g&oacute;c rộng 12MP, Apple đ&atilde; bổ sung th&ecirc;m camera g&oacute;c si&ecirc;u rộng 12MP sẽ rất hữu dụng khi bạn chụp ảnh gồm nhiều người, ảnh tập thể, muốn lấy nhiều vật thể v&agrave;o một bức ảnh. Hơn nữa camera sau của iPhone 11 c&ograve;n hỗ trợ c&ocirc;ng nghệ chống rung EIS cho khả năng chụp v&agrave; quay video n&eacute;t hơn.</p>\r\n\r\n<p><img alt="so-anh-iphone-11-4" src="https://cdn.mobilecity.vn/mobilecity-vn/images/2022/10/so-anh-iphone-11-4.jpg.webp" style="height:450px; width:600px" /></p>\r\n\r\n<p><em>iPhone 11 sở hữu con chip Apple A13</em></p>\r\n\r\n<p>So s&aacute;nh giữa iPhone 11 v&agrave; XR kh&ocirc;ng thể kh&ocirc;ng n&oacute;i về sự vượt trội hiệu năng của con chip Apple A13 Bionic so với đối thủ, n&oacute; mạnh mẽ v&agrave; m&aacute;t mẻ hơn nhiều so với A12 Bionic tr&ecirc;n XR. Kể cả khi render video v&agrave; chơi game iPhone 11 đều cho thấy sự mượt m&agrave; v&agrave; tốc độ nhanh ch&oacute;ng.</p>', 10, 'imgProduct1668707995-.webp', 'on', '2022-11-17 17:59:55', '2022-11-17 18:01:20'),
(22, NULL, 'SP-0003', 'Điện thoại iPhone 8 Plus', 1, 1, 1, 6000000, 5000000, '<h3>Giới thiệu về iPhone 8 Plus</h3>\r\n\r\n<p>Về thiết kế tổng thể, iPhone 8 Plus vẫn c&oacute; thiết kế như iPhone 7 Plus nhưng chất liệu ho&agrave;n to&agrave;n kh&aacute;c, iPhone 8 Plus được trang bị mặt k&iacute;nh ở cả mặt trước v&agrave; sau, kết hợp với khung viền kim loại tạo n&ecirc;n sự chắc chắn, cứng c&aacute;p v&agrave; v&ocirc; c&ugrave;ng sang trọng.<a href="https://mobilecity.vn/apple/iphone-8-plus-cu.html" target="_blank"><img alt="iPhone 8 Plus cũ (64GB, 256GB) rẻ nhất Hà Nội, Tp.HCM, Đà Nẵng" src="https://mobilecity.vn/px.gif?utm_source=dmca_copy&amp;utm_medium=iPhone%208%20Plus%20c%C5%A9%20(64GB,%20256GB)%20r%E1%BA%BB%20nh%E1%BA%A5t%20H%C3%A0%20N%E1%BB%99i,%20Tp.HCM,%20%C4%90%C3%A0%20N%E1%BA%B5ng&amp;utm_campaign=https://mobilecity.vn/apple/iphone-8-plus-cu.html&amp;utm_content=Cung%20c%E1%BA%A5p%20iPhone%208%20Plus%20c%C5%A9%20(64GB,%20256GB)%20ch%C3%ADnh%20h%C3%A3ng%20Gi%C3%A1%20R%E1%BA%BB%20nh%E1%BA%A5t%20H%C3%A0%20N%E1%BB%99i,%20Tp.HCM,%20%C4%90%C3%A0%20N%E1%BA%B5ng.%20B%C3%A1n,%20Mua%20iPhone%20c%C5%A9%20x%C3%A1ch%20tay%20uy%20t%C3%ADn,%20BH%2012%20th%C3%A1ng,%20tr%E1%BA%A3%20g%C3%B3p%20l%C3%A3i%20su%E1%BA%A5t%20th%E1%BA%A5p." style="height:1px; width:1px" /></a><a href="https://mobilecity.vn" target="_blank"><img alt="This article is referenced content from https://mobilecity.vn - iPhone 8 Plus cũ (64GB, 256GB) rẻ nhất Hà Nội, Tp.HCM, Đà Nẵng" src="https://mobilecity.vn/px.gif?utm_source=dmca_copy&amp;utm_medium=iPhone%208%20Plus%20c%C5%A9%20(64GB,%20256GB)%20r%E1%BA%BB%20nh%E1%BA%A5t%20H%C3%A0%20N%E1%BB%99i,%20Tp.HCM,%20%C4%90%C3%A0%20N%E1%BA%B5ng&amp;utm_campaign=https://mobilecity.vn/apple/iphone-8-plus-cu.html&amp;utm_content=Cung%20c%E1%BA%A5p%20iPhone%208%20Plus%20c%C5%A9%20(64GB,%20256GB)%20ch%C3%ADnh%20h%C3%A3ng%20Gi%C3%A1%20R%E1%BA%BB%20nh%E1%BA%A5t%20H%C3%A0%20N%E1%BB%99i,%20Tp.HCM,%20%C4%90%C3%A0%20N%E1%BA%B5ng.%20B%C3%A1n,%20Mua%20iPhone%20c%C5%A9%20x%C3%A1ch%20tay%20uy%20t%C3%ADn,%20BH%2012%20th%C3%A1ng,%20tr%E1%BA%A3%20g%C3%B3p%20l%C3%A3i%20su%E1%BA%A5t%20th%E1%BA%A5p." style="height:1px; width:1px" /></a></p>\r\n\r\n<p><img alt="so-sanh-iphone-8-plus-4" src="https://cdn.mobilecity.vn/mobilecity-vn/images/2022/10/so-sanh-iphone-8-plus-4.jpg.webp" style="height:450px; width:600px" /></p>\r\n\r\n<h3>So s&aacute;nh&nbsp;iPhone 8 Plus v&agrave;&nbsp;iPhone 7 Plus</h3>\r\n\r\n<p>iPhone 8 Plus l&agrave; phi&ecirc;n bản kế nhiệm của chiếc&nbsp;iPhone 7 Plus. Vậy liệu chiếc điện thoại phi&ecirc;n bản mới hơn c&oacute; vượt trội v&agrave; thực sự đ&aacute;ng mua hơn hay kh&ocirc;ng? C&ugrave;ng trả lời c&acirc;u hỏi đ&oacute; trong phần so s&aacute;nh dưới đ&acirc;y.</p>\r\n\r\n<ul>\r\n\t<li>Bảng so s&aacute;nh iPhone 8 Plus v&agrave;&nbsp;iPhone 7 Plus</li>\r\n</ul>\r\n\r\n<p><img alt="so-sanh-iphone-8-plus-1" src="https://cdn.mobilecity.vn/mobilecity-vn/images/2022/10/so-sanh-iphone-8-plus-1.jpg.webp" style="height:450px; width:600px" /></p>\r\n\r\n<p>Trước hết về thiết kế, nh&igrave;n tho&aacute;ng qua c&oacute; vẻ như cả hai chiếc điện thoại n&agrave;y kh&aacute; giống nhau, nhưng tới mặt lưng th&igrave; iPhone 8 Plus đ&atilde; c&oacute; sự thay đổi với mắt lưng k&iacute;nh tạo n&ecirc;n sự sang trọng v&agrave; b&oacute;ng bẩy hơn nhiều so với mặt lưng kim loại. Hơn nữa mặt lưng kim loại đang l&agrave; xu hưởng được sử dụng tr&ecirc;n nhiều mẫu smartphone cao cấp hiện nay.</p>\r\n\r\n<p><img alt="so-sanh-iphone-8-plus-3" src="https://cdn.mobilecity.vn/mobilecity-vn/images/2022/10/so-sanh-iphone-8-plus-3.jpg.webp" style="height:450px; width:600px" /></p>\r\n\r\n<p><em>Thiết kế mặt lưng k&iacute;nh</em></p>\r\n\r\n<p>Hiệu năng cũng l&agrave; một điểm n&acirc;ng cấp lớn của iPhone 8 Plus so với người tiền nhiệm của m&igrave;nh, con chip Apple A11 Bionic l&agrave; một sự nhảy vọt lớn về c&ocirc;ng nghệ sản xuất n&acirc;ng cấp l&ecirc;n 7nm hiện đại hơn nhiều so với 16nm tr&ecirc;n A10 Fusion. Hiệu năng cho thấy qu&aacute; kh&aacute;c biệt giữa iPhone 8 Plus so với iPhone 7 Plus, nhất l&agrave; tr&ecirc;n c&aacute;c tựa game nặng hiện nay, tốc độ khung h&igrave;nh của m&aacute;y lu&ocirc;n ổn định v&agrave; mượt m&agrave;.</p>', 10, 'imgProduct1668708383-.jpg', 'on', '2022-11-17 18:06:24', '2022-11-17 18:06:24'),
(23, NULL, 'SP-0004', 'Điện thoại Xiaomi Redmi Note 12', 1, 1, 2, 7500000, 5000000, '<p>V&agrave;o ng&agrave;y 28/10/2022, Xiaomi đ&atilde; ch&iacute;nh thức cho ra mắt Redmi Note 12 series, d&ograve;ng sản phẩm n&agrave;y l&agrave; sự g&oacute;p mặt của 4 chiến binh mạnh mẽ bao gồm:&nbsp;Redmi Note 12,&nbsp;Note 12 Pro,&nbsp;Note 12 Pro+ v&agrave; cuối c&ugrave;ng l&agrave; phi&ecirc;n bản đặc biệt l&agrave;&nbsp;Discovery Edition. Trong b&agrave;i viết h&ocirc;m nay, h&atilde;y c&ugrave;ng MobileCity kh&aacute;m ph&aacute; chiếc m&aacute;y đang nhận được sự quan t&acirc;m rất lớn từ người d&ugrave;ng mang t&ecirc;n&nbsp;<a href="https://mobilecity.vn/dien-thoai/xiaomi-redmi-note-12-pro-plus.html" target="_blank">Xiaomi Redmi Note 12 Pro Plus</a>, một thiết bị sở hữu hiệu năng mạnh mẽ k&egrave;m sạc nhanh si&ecirc;u tốc.<a href="https://mobilecity.vn/dien-thoai/xiaomi-redmi-note-12-pro-plus.html" target="_blank"><img alt="Xiaomi Redmi Note 12 Pro Plus 5G (Camera 200MP) giá rẻ nhất Hà Nội, Đà Nẵng, Tp.HCM" src="https://mobilecity.vn/px.gif?utm_source=dmca_copy&amp;utm_medium=Xiaomi%20Redmi%20Note%2012%20Pro%20Plus%205G%20(Camera%20200MP)%20gi%C3%A1%20r%E1%BA%BB%20nh%E1%BA%A5t%20H%C3%A0%20N%E1%BB%99i,%20%C4%90%C3%A0%20N%E1%BA%B5ng,%20Tp.HCM&amp;utm_campaign=https://mobilecity.vn/dien-thoai/xiaomi-redmi-note-12-pro-plus.html&amp;utm_content=%C4%90i%E1%BB%87n%20tho%E1%BA%A1i%20Xiaomi%20Redmi%20Note%2012%20Pro%20Plus%205G%20thi%E1%BA%BFt%20k%E1%BA%BF%20n%E1%BB%95i%20b%E1%BA%ADt,%20hi%E1%BB%87u%20n%C4%83ng%20m%E1%BA%A1nh%20m%E1%BA%BD.%20%C4%90%E1%BB%8Ba%20ch%E1%BB%89%20mua%20Redmi%20Note%2012%20Pro%20Plus%20gi%C3%A1%20r%E1%BA%BB%20nh%E1%BA%A5t%20t%E1%BA%A1i%20H%C3%A0%20N%E1%BB%99i,%20%C4%90%C3%A0%20N%E1%BA%B5ng,%20Tp.HCM,%20tr%E1%BA%A3%20g%C3%B3p%200%25." style="height:1px; width:1px" /></a><a href="https://mobilecity.vn" target="_blank"><img alt="This article is referenced content from https://mobilecity.vn - Xiaomi Redmi Note 12 Pro Plus 5G (Camera 200MP) giá rẻ nhất Hà Nội, Đà Nẵng, Tp.HCM" src="https://mobilecity.vn/px.gif?utm_source=dmca_copy&amp;utm_medium=Xiaomi%20Redmi%20Note%2012%20Pro%20Plus%205G%20(Camera%20200MP)%20gi%C3%A1%20r%E1%BA%BB%20nh%E1%BA%A5t%20H%C3%A0%20N%E1%BB%99i,%20%C4%90%C3%A0%20N%E1%BA%B5ng,%20Tp.HCM&amp;utm_campaign=https://mobilecity.vn/dien-thoai/xiaomi-redmi-note-12-pro-plus.html&amp;utm_content=%C4%90i%E1%BB%87n%20tho%E1%BA%A1i%20Xiaomi%20Redmi%20Note%2012%20Pro%20Plus%205G%20thi%E1%BA%BFt%20k%E1%BA%BF%20n%E1%BB%95i%20b%E1%BA%ADt,%20hi%E1%BB%87u%20n%C4%83ng%20m%E1%BA%A1nh%20m%E1%BA%BD.%20%C4%90%E1%BB%8Ba%20ch%E1%BB%89%20mua%20Redmi%20Note%2012%20Pro%20Plus%20gi%C3%A1%20r%E1%BA%BB%20nh%E1%BA%A5t%20t%E1%BA%A1i%20H%C3%A0%20N%E1%BB%99i,%20%C4%90%C3%A0%20N%E1%BA%B5ng,%20Tp.HCM,%20tr%E1%BA%A3%20g%C3%B3p%200%25." style="height:1px; width:1px" /></a></p>\r\n\r\n<h3>So s&aacute;nh&nbsp;Xiaomi Redmi Note 12 Pro Plus v&agrave; Note 11 Pro (China)</h3>\r\n\r\n<p><img alt="xiaomi-redmi-note-12-pro-plus-3" src="https://cdn.mobilecity.vn/mobilecity-vn/images/2022/10/xiaomi-redmi-note-12-pro-plus-3.jpg.webp" style="height:450px; width:600px" /></p>\r\n\r\n<p><em>Redmi Note 12 Pro Plus (tr&aacute;i) v&agrave; Note 11 Pro China (phải)</em></p>\r\n\r\n<p><strong>1. N&acirc;ng cấp về thiết kế</strong></p>\r\n\r\n<p>Về thiết kế,&nbsp;Note 12 Pro Plus sở hữu ngoại h&igrave;nh đơn giản nhưng lại v&ocirc; c&ugrave;ng ấn tượng, thu h&uacute;t người d&ugrave;ng với cụm 3 ống k&iacute;nh đặt sole trong m&ocirc; đun h&igrave;nh chữ nhật. Phần viền, khung sườn được bo cong nhẹ, gi&uacute;p cảm gi&aacute;c cầm nắm trở n&ecirc;n thoải m&aacute;i. Trong khi đ&oacute;,&nbsp;Note 11 Pro lại sở hữu ngoại h&igrave;nh vu&ocirc;ng vức, kh&aacute; rối mắt khi nh&igrave;n v&agrave;o cụm camera v&agrave; khi thao t&aacute;c sẽ c&oacute; đ&ocirc;i ch&uacute;t cấn tay bởi phần khung viền. Ở mặt trước, cả hai thiết bị c&ugrave;ng sở hữu m&agrave;n h&igrave;nh đục lỗ, gi&uacute;p tối ưu m&agrave;n h&igrave;nh hiển thị.</p>\r\n\r\n<p><img alt="xiaomi-redmi-note-12-pro-plus-5" src="https://cdn.mobilecity.vn/mobilecity-vn/images/2022/10/xiaomi-redmi-note-12-pro-plus-5.jpg.webp" style="height:450px; width:600px" /></p>\r\n\r\n<p><em>Mặt lưng của Redmi Note 12 Pro Plus</em></p>\r\n\r\n<p><strong>2. M&agrave;n h&igrave;nh tương đồng</strong></p>\r\n\r\n<p>Ra mắt c&aacute;ch nhau tr&ograve;n 1 năm, Redmi Note 12 Pro Plus v&agrave; Note 11 Pro (China) sẽ c&oacute; đ&ocirc;i ch&uacute;t kh&aacute;c biệt. Về m&agrave;n h&igrave;nh,&nbsp;Note 12 Pro Plus sở hữu tầm nền&nbsp;OLED 1 tỷ m&agrave;u đi k&egrave;m với c&ocirc;ng nghệ&nbsp;Dolby Vision, HDR10+. Đ&acirc;y&nbsp;l&agrave; một định dạng HDR (High Dynamic Range &ndash; Dải tương phản động cao) do Samsung thiết kế nhằm mở rộng định dạng HDR10, gi&uacute;p điều chỉnh c&agrave;i đặt hiển thị để người d&ugrave;ng c&oacute; thể nh&igrave;n thấy m&agrave;u sắc với chất lượng tốt nhất. Redmi Note 11 Pro lại kh&aacute;c, chiếc m&aacute;y n&agrave;y đi k&egrave;m với tầm nền Super AMOLED, tuy nhi&ecirc;n m&agrave;u sắc chỉ dừng lại ở con số 16 tỷ.</p>\r\n\r\n<p><img alt="xiaomi-redmi-note-12-pro-plus-8" src="https://cdn.mobilecity.vn/mobilecity-vn/images/2022/10/xiaomi-redmi-note-12-pro-plus-8.jpg.webp" style="height:450px; width:600px" /></p>\r\n\r\n<p><em>M&agrave;n h&igrave;nh tr&ecirc;n Xiaomi Redmi Note 11 Pro</em></p>\r\n\r\n<p><strong>3. Hiệu năng n&acirc;ng cấp mạnh mẽ</strong></p>\r\n\r\n<p>Note 12 Pro Plus sở hữu con chip&nbsp;Dimensity 1080, đ&acirc;y l&agrave; phi&ecirc;n bản n&acirc;ng cấp của chipset&nbsp;Dimensity 920 được trang bị tr&ecirc;n&nbsp;Note 11 Pro. Cũng ch&iacute;nh v&igrave; vậy m&agrave; th&ocirc;ng số kỹ thuật của 2 con chip n&agrave;y kh&aacute; tương đồng nhau, trong đ&oacute; c&oacute; GPU ARM Mali-G68 MC4. Ngo&agrave;i ra, Dimensity 1080 mới c&oacute; th&ecirc;m cải tiến hỗ trợ việc chơi&nbsp;game&nbsp;như HyperEngine 3.0, gi&uacute;p tăng hiệu năng v&agrave; n&acirc;ng cao khả năng kết nối liền mạch. Mặt kh&aacute;c, n&oacute; c&ograve;n được trang bị bộ xử l&yacute; AI t&iacute;ch hợp 3.9 (APU 3.0) nhằm tối ưu hiệu quả sử dụng năng lượng hơn kh&aacute; nhiều so với&nbsp;Dimensity 920.</p>\r\n\r\n<p><img alt="xiaomi-redmi-note-12-pro-plus-6" src="https://cdn.mobilecity.vn/mobilecity-vn/images/2022/10/xiaomi-redmi-note-12-pro-plus-6.jpg.webp" style="height:450px; width:600px" /></p>\r\n\r\n<p><em>Hiệu&nbsp;năng n&acirc;ng cấp mạnh mẽ</em></p>\r\n\r\n<p><strong>4. Camera vượt trội với ống k&iacute;nh 200MP</strong></p>\r\n\r\n<p>Đến với phần camera,&nbsp;Note 12 Pro Plus chắc chắn sẽ đ&aacute;nh bại phi&ecirc;n bản tiền nhiệm của m&igrave;nh với th&ocirc;ng số v&ocirc; c&ugrave;ng ấn tượng.&nbsp;Cụ thể, Note 12 Pro Plus được trang bị 3 ống k&iacute;nh với độ ph&acirc;n giải lần lượng l&agrave; 200MP, 8MP, 2MP. Đ&acirc;y thực sự l&agrave; một th&ocirc;ng số khủng tr&ecirc;n những chiếc m&aacute;y thuộc ph&acirc;n kh&uacute;c gi&aacute; tầm trung. Đến với Note 11 Pro, thiết bị n&agrave;y sẽ yếu thế hơn khi chỉ sở hữu ống k&iacute;nh 108MP c&ugrave;ng 2 camera phụ c&oacute; độ ph&acirc;n giải tương đồng với phi&ecirc;n bản tr&ecirc;n.</p>\r\n\r\n<p><img alt="xiaomi-redmi-note-12-pro-plus-7" src="https://cdn.mobilecity.vn/mobilecity-vn/images/2022/10/xiaomi-redmi-note-12-pro-plus-7.jpg.webp" style="height:450px; width:600px" /></p>\r\n\r\n<p><em>Ống k&iacute;nh ch&iacute;nh 108MP tr&ecirc;n Note 11 Pro</em></p>\r\n\r\n<p><strong>5. Dung lượng pin v&agrave; sạc nhanh</strong></p>\r\n\r\n<p>Tuy sở hữu vi&ecirc;n pin 5160mAh, dung lượng lớn hơn một ch&uacute;t so với&nbsp;Note 12 Pro Plus với&nbsp;5000 mAh nhưng b&ugrave; lại sạc nhanh lại đảo ngược t&igrave;nh thế giữa 2 chiếc m&aacute;y n&agrave;y. Cụ thể,&nbsp;Note 12 Pro Plus đi k&egrave;m sạc nhanh 120W trong khi chiếc m&aacute;y c&ograve;n lại l&agrave;&nbsp;67W. Điều n&agrave;y c&oacute; thể khẳng định sức mạnh vượt trội của Note 12 Pro Plus so với Note 11 Pro.</p>\r\n\r\n<p><img alt="xiaomi-redmi-note-12-pro-plus-4" src="https://cdn.mobilecity.vn/mobilecity-vn/images/2022/10/xiaomi-redmi-note-12-pro-plus-4.jpg.webp" style="height:450px; width:600px" /></p>', 10, 'imgProduct1668708838-.webp', 'on', '2022-11-17 18:13:58', '2022-11-17 19:17:08'),
(24, NULL, 'SP-0005', 'Điện thoại Vivo iQOO Z5', 1, 1, 3, 6500000, 4000000, '<p>M&aacute;y được trang bị&nbsp;vi xử l&yacute; Snapdragon 778G mới nhất, hiệu năng mạnh mẽ, tiến tr&igrave;nh 6nm, hỗ trợ mạng 5G. Ngo&agrave;i ra <a href="https://mobilecity.vn/vivo/vivo-iqoo-z5.html" target="_blank">Vivo iQOO Z5</a> c&ograve;n được hỗ trợ bởi hai phi&ecirc;n bản RAM 8GB v&agrave; 12GB c&ugrave;ng bộ nhớ trong 128GB v&agrave; 256GB đem đến khả năng đa nhiệm c&aacute;c ứng dụng, game v&agrave; khả năng lưu trữ rất tốt.<a href="https://mobilecity.vn/vivo/vivo-iqoo-z5.html" target="_blank"><img alt="Vivo iQOO Z5, Chip Snap 778G siêu mạnh, giá rẻ tại Hà Nội, Tp.HCM, Đà Nẵng" src="https://mobilecity.vn/px.gif?utm_source=dmca_copy&amp;utm_medium=Vivo%20iQOO%20Z5,%20Chip%20Snap%20778G%20si%C3%AAu%20m%E1%BA%A1nh,%20gi%C3%A1%20r%E1%BA%BB%20t%E1%BA%A1i%20H%C3%A0%20N%E1%BB%99i,%20Tp.HCM,%20%C4%90%C3%A0%20N%E1%BA%B5ng&amp;utm_campaign=https://mobilecity.vn/vivo/vivo-iqoo-z5.html&amp;utm_content=%C4%90%E1%BB%8Ba%20ch%E1%BB%89%20b%C3%A1n%20Vivo%20iQOO%20Z5%20Uy%20t%C3%ADn,%20gi%C3%A1%20r%E1%BA%BB%20t%E1%BA%A1i%20H%C3%A0%20N%E1%BB%99i,%20Tp.HCM,%20%C4%90%C3%A0%20N%E1%BA%B5ng.%20%C4%90%E1%BA%A1i%20l%C3%BD%20%E1%BB%A6y%20quy%E1%BB%81n%20Vivo%20iQOO%20Z5%20ch%C3%ADnh%20h%C3%A3ng%20t%E1%BA%A1i%20Vi%E1%BB%87t%20Nam." style="height:1px; width:1px" /></a><a href="https://mobilecity.vn" target="_blank"><img alt="This article is referenced content from https://mobilecity.vn - Vivo iQOO Z5, Chip Snap 778G siêu mạnh, giá rẻ tại Hà Nội, Tp.HCM, Đà Nẵng" src="https://mobilecity.vn/px.gif?utm_source=dmca_copy&amp;utm_medium=Vivo%20iQOO%20Z5,%20Chip%20Snap%20778G%20si%C3%AAu%20m%E1%BA%A1nh,%20gi%C3%A1%20r%E1%BA%BB%20t%E1%BA%A1i%20H%C3%A0%20N%E1%BB%99i,%20Tp.HCM,%20%C4%90%C3%A0%20N%E1%BA%B5ng&amp;utm_campaign=https://mobilecity.vn/vivo/vivo-iqoo-z5.html&amp;utm_content=%C4%90%E1%BB%8Ba%20ch%E1%BB%89%20b%C3%A1n%20Vivo%20iQOO%20Z5%20Uy%20t%C3%ADn,%20gi%C3%A1%20r%E1%BA%BB%20t%E1%BA%A1i%20H%C3%A0%20N%E1%BB%99i,%20Tp.HCM,%20%C4%90%C3%A0%20N%E1%BA%B5ng.%20%C4%90%E1%BA%A1i%20l%C3%BD%20%E1%BB%A6y%20quy%E1%BB%81n%20Vivo%20iQOO%20Z5%20ch%C3%ADnh%20h%C3%A3ng%20t%E1%BA%A1i%20Vi%E1%BB%87t%20Nam." style="height:1px; width:1px" /></a></p>\r\n\r\n<p><img alt="snapdragon-778g-800x450" src="https://cdn.mobilecity.vn/mobilecity-vn/images/2021/09/snapdragon-778g-800x450.jpg.webp" style="height:450px; width:600px" /></p>', 10, 'imgProduct1668708988-.webp', 'on', '2022-11-17 18:16:28', '2022-11-17 19:15:41'),
(25, NULL, 'SP-0006', 'Máy tính bảng iPad Pro M1', 1, 3, 1, 30000000, 20000000, '<p>iPad Pro M1 12.9 inch 2021 sở hữu m&agrave;n h&igrave;nh&nbsp;<strong>Liquid Retina XDR mini-LED LCD</strong>, &aacute;p dụng c&ocirc;ng nghệ mini-LED với 10.000 b&oacute;ng được tuỳ chỉnh nhỏ hơn 120 lần so với thế hệ trước n&ecirc;n độ s&aacute;ng c&oacute; thể l&ecirc;n đến 1600 nits ngay cả ngo&agrave;i trời vẫn c&oacute; thể sử dụng tốt.</p>\r\n\r\n<p><a href="https://cdn.tgdd.vn/Products/Images/522/238649/ipad-pro-m1-12-9-inch-wifi-cellular-128gb-2021-3.jpg" onclick="return false;"><img alt="iPad Pro M1 12.9 inch WiFi Cellular 128GB (2021) | Sở hữu màn hình Liquid Retina XDR, áp dụng công nghệ mini-LED" src="https://cdn.tgdd.vn/Products/Images/522/238649/ipad-pro-m1-12-9-inch-wifi-cellular-128gb-2021-3.jpg" /></a></p>\r\n\r\n<p>M&agrave;n h&igrave;nh c&oacute; k&iacute;ch thước 12.9 inch cung cấp chế độ xem mở rộng hơn, trải nghiệm HDR tuyệt đẹp tr&ecirc;n m&agrave;n h&igrave;nh r&otilde; r&agrave;ng gi&uacute;p cho mọi hoạt động, thao t&aacute;c tr&ecirc;n m&aacute;y th&ecirc;m cuốn h&uacute;t v&agrave; đắm ch&igrave;m theo thời gian.</p>\r\n\r\n<p><a href="https://cdn.tgdd.vn/Products/Images/522/238649/ipad-pro-m1-129-inch-08.jpg" onclick="return false;"><img alt="iPad Pro M1 12.9 inch WiFi Cellular 128GB (2021) | Màn hình có kích thước 12.9 inch cùng trải nghiệm HDR tuyệt đẹp" src="https://cdn.tgdd.vn/Products/Images/522/238649/ipad-pro-m1-129-inch-08.jpg" /></a></p>\r\n\r\n<p>Mọi chi tiết hiển thị tr&ecirc;n m&agrave;n h&igrave;nh sống động như thật với tỷ lệ tương phản 1.000.000: 1 c&ugrave;ng c&aacute;c c&ocirc;ng nghệ ti&ecirc;n tiến như P3 wide color, True Tone v&agrave; ProMotion gi&uacute;p iPad Pro 12.9 inch 2021 tỏa s&aacute;ng ngoạn mục.</p>\r\n\r\n<p><a href="https://cdn.tgdd.vn/Products/Images/522/238649/ipad-pro-m1-129-inch-01.jpg" onclick="return false;"><img alt="iPad Pro M1 12.9 inch WiFi Cellular 128GB (2021) | Màn hình trang bị nhiều công nghệ tiên tiến" src="https://cdn.tgdd.vn/Products/Images/522/238649/ipad-pro-m1-129-inch-01.jpg" /></a></p>\r\n\r\n<p>Tận hưởng iPad Pro 12.9 inch 2021 128GB như một chiếc laptop với sự hỗ trợ của c&aacute;c phụ kiện chuy&ecirc;n nghiệp như b&agrave;n ph&iacute;m, b&uacute;t Apple Pencil hay c&aacute;c bộ điều khiển chơi game hiện đại,... Những phụ kiện đa năng n&agrave;y được thiết kế để đưa c&ocirc;ng việc, sự s&aacute;ng tạo v&agrave; những giờ ph&uacute;t giải tr&iacute; của bạn l&ecirc;n một tầm cao mới.</p>\r\n\r\n<p><a href="https://cdn.tgdd.vn/Products/Images/522/238649/ipad-pro-m1-12-9-inch-wifi-cellular-128gb-2021-24.jpg" onclick="return false;"><img alt="iPad Pro M1 12.9 inch WiFi Cellular 128GB (2021) | Hỗ trợ của các phụ kiện bàn phím, bút Apple Pencil" src="https://cdn.tgdd.vn/Products/Images/522/238649/ipad-pro-m1-12-9-inch-wifi-cellular-128gb-2021-24.jpg" /></a></p>\r\n\r\n<p>Lưu &yacute;: C&aacute;c phụ kiện như b&agrave;n ph&iacute;m, b&uacute;t Apple Pencil sẽ kh&ocirc;ng đi k&egrave;m trong hộp m&aacute;y.</p>\r\n\r\n<h3>Cấu h&igrave;nh mang t&iacute;nh đột ph&aacute;</h3>\r\n\r\n<p>Apple M1 l&agrave; con chip mang sức mạnh phi thường tr&ecirc;n iPad, n&oacute; được thiết kế để tận dụng tối đa hiệu suất v&agrave; điện năng cho hiệu quả sử dụng đ&aacute;ng kinh ngạc. CPU v&agrave; GPU 8 l&otilde;i tr&ecirc;n M1 đ&atilde; gi&uacute;p cho iPad Pro 12.9 inch 2021 c&oacute; một hiệu suất xử l&yacute; dữ liệu, xử l&yacute; đồ họa lần lượt l&agrave; 50% v&agrave; 40% nhanh hơn so với thế hệ trước.</p>\r\n\r\n<p><a href="https://cdn.tgdd.vn/Products/Images/522/238649/ipad-pro-m1-12-9-inch-wifi-cellular-128gb-2021-2.jpg" onclick="return false;"><img alt="iPad Pro M1 12.9 inch WiFi Cellular 128GB (2021) | Cấu hình mang tính đột phá với chip Apple M1" src="https://cdn.tgdd.vn/Products/Images/522/238649/ipad-pro-m1-12-9-inch-wifi-cellular-128gb-2021-2.jpg" /></a></p>\r\n\r\n<p>Giờ đ&acirc;y, người d&ugrave;ng c&oacute; thể chạy c&aacute;c phần mềm nặng, chơi game đồ họa ở tốc độ khung h&igrave;nh cao,... với độ mượt m&agrave;, n&acirc;ng cao mọi trải nghiệm của bạn.</p>\r\n\r\n<p><a href="https://cdn.tgdd.vn/Products/Images/522/238649/ipad-pro-m1-12-9-inch-wifi-cellular-128gb-2021-18.jpg" onclick="return false;"><img alt="iPad Pro M1 12.9 inch WiFi Cellular 128GB (2021) | Chơi game đồ họa ở tốc độ khung hình cao, mượt mà" src="https://cdn.tgdd.vn/Products/Images/522/238649/ipad-pro-m1-12-9-inch-wifi-cellular-128gb-2021-18.jpg" /></a></p>\r\n\r\n<p>Kết nối Thunderbolt 4 qua cổng USB-C với băng th&ocirc;ng l&ecirc;n tới 40 Gbps c&oacute; thể xuất t&iacute;n hiệu h&igrave;nh ảnh 6K v&agrave; mở ra một hệ sinh th&aacute;i rộng lớn gồm c&aacute;c phụ kiện được hỗ trợ.</p>\r\n\r\n<p><a href="https://cdn.tgdd.vn/Products/Images/522/238649/ipad-pro-m1-12-9-inch-wifi-cellular-128gb-2021-8.jpg" onclick="return false;"><img alt="iPad Pro M1 12.9 inch WiFi Cellular 128GB (2021) | Kết nối Thunderbolt 4 qua cổng USB-C" src="https://cdn.tgdd.vn/Products/Images/522/238649/ipad-pro-m1-12-9-inch-wifi-cellular-128gb-2021-8.jpg" /></a></p>\r\n\r\n<p>Sự xuất hiện của Apple M1 kết hợp c&ugrave;ng&nbsp;<a href="https://www.thegioididong.com/may-tinh-bang-ram-8gb" target="_blank">8 GB RAM</a>&nbsp;đ&atilde; đưa iPad Pro 12.9 inch 2021 l&ecirc;n một tầm cao mới. M&aacute;y t&iacute;nh bảng đẳng cấp hơn khi ho&agrave;n th&agrave;nh mọi t&aacute;c vụ một c&aacute;ch mượt m&agrave;, đa nhiệm thả ga, đi k&egrave;m&nbsp;<a href="https://www.thegioididong.com/may-tinh-bang-rom-128gb" target="_blank">128 GB ROM</a>&nbsp;mở rộng kh&ocirc;ng gian lưu trữ cho người d&ugrave;ng.</p>\r\n\r\n<p><a href="https://cdn.tgdd.vn/Products/Images/522/238649/ipad-pro-m1-12-9-inch-wifi-cellular-128gb-2021-16.jpg" onclick="return false;"><img alt="iPad Pro M1 12.9 inch WiFi Cellular 128GB (2021) | 8 GB RAM cùng 128 GB ROM mở rộng không gian lưu trữ" src="https://cdn.tgdd.vn/Products/Images/522/238649/ipad-pro-m1-12-9-inch-wifi-cellular-128gb-2021-16.jpg" /></a></p>\r\n\r\n<h3>Trải nghiệm xuy&ecirc;n suốt ở bất cứ đ&acirc;u</h3>\r\n\r\n<p>M&aacute;y t&iacute;nh bảng n&acirc;ng cấp cổng wifi 6 cho kết nối si&ecirc;u tốc v&agrave; ổn định. Ngo&agrave;i ra, phi&ecirc;n bản iPad Pro M1 12.9 inch c&ograve;n hỗ trợ Cellular cho kết nối mạng internet 5G, người d&ugrave;ng c&oacute; thể đăng tải ảnh, th&ocirc;ng tin v&agrave; dữ liệu si&ecirc;u nhanh, ph&aacute;t trực tuyến, xem phim chất lượng cao v&agrave; chinh phục c&aacute;c tựa game nặng ở bất cứ nơi n&agrave;o.</p>\r\n\r\n<p><a href="https://cdn.tgdd.vn/Products/Images/522/238649/ipad-pro-m1-12-9-inch-wifi-cellular-128gb-2021-10.jpg" onclick="return false;"><img alt="iPad Pro M1 12.9 inch WiFi Cellular 128GB (2021) | Máy tính bảng nâng cấp cổng wifi 6 cho kết nối siêu tốc và ổn định" src="https://cdn.tgdd.vn/Products/Images/522/238649/ipad-pro-m1-12-9-inch-wifi-cellular-128gb-2021-10.jpg" /></a></p>\r\n\r\n<p>Thiết kế d&agrave;n &acirc;m thanh 4 loa trầm ấm v&agrave; bắt tone nhịp nh&agrave;ng với sự hỗ trợ của Dolby Atmos, mang đến cho người d&ugrave;ng cảm gi&aacute;c đắm ch&igrave;m như đang trong rạp chiếu phim.</p>\r\n\r\n<p><a href="https://cdn.tgdd.vn/Products/Images/522/238649/ipad-pro-m1-129-inch-06.jpg" onclick="return false;"><img alt="iPad Pro M1 12.9 inch WiFi Cellular 128GB (2021) | Thiết kế dàn âm thanh 4 loa trầm ấm cùng Dolby Atmos" src="https://cdn.tgdd.vn/Products/Images/522/238649/ipad-pro-m1-129-inch-06.jpg" /></a></p>\r\n\r\n<h3>Trở th&agrave;nh trung t&acirc;m của mọi &aacute;nh nh&igrave;n</h3>\r\n\r\n<p>M&aacute;y t&iacute;nh bảng iPad Pro 12.9 inch 2021 trang bị hệ thống gồm 2 m&aacute;y ảnh sau c&oacute; camera ch&iacute;nh 12 MP v&agrave; camera phụ g&oacute;c rộng 10 MP.</p>\r\n\r\n<p><a href="https://cdn.tgdd.vn/Products/Images/522/238649/ipad-pro-m1-129-inch-03.jpg" onclick="return false;"><img alt="iPad Pro M1 12.9 inch WiFi Cellular 128GB (2021) | Trang bị hệ thống gồm 2 máy ảnh sau có camera chính 12 MP và camera phụ góc rộng 10 MP" src="https://cdn.tgdd.vn/Products/Images/522/238649/ipad-pro-m1-129-inch-03.jpg" /></a></p>\r\n\r\n<p>B&ecirc;n cạnh cung cấp c&aacute;c t&iacute;nh năng chỉnh sửa ảnh v&agrave; l&agrave;m đẹp, iPad Pro 12.9 inch 2021 c&ograve;n hỗ trợ m&aacute;y qu&eacute;t LiDAR hoạt động với ISP mạnh mẽ gi&uacute;p lấy n&eacute;t ch&iacute;nh x&aacute;c hơn với h&igrave;nh ảnh v&agrave; video m&agrave; bạn quay trong điều kiện &aacute;nh s&aacute;ng yếu, tự tin ghi lại những chi tiết đẹp rực rỡ v&agrave; ho&agrave;n hảo.</p>\r\n\r\n<p><a href="https://cdn.tgdd.vn/Products/Images/522/238649/ipad-pro-m1-12-9-inch-wifi-cellular-128gb-2021-22.jpg" onclick="return false;"><img alt="iPad Pro M1 12.9 inch WiFi Cellular 128GB (2021) | Hỗ trợ máy quét LiDAR hoạt động với ISP mạnh mẽ giúp lấy nét chính xác" src="https://cdn.tgdd.vn/Products/Images/522/238649/ipad-pro-m1-12-9-inch-wifi-cellular-128gb-2021-22.jpg" /></a></p>\r\n\r\n<p>Camera TrueDepth 12 MP c&oacute; g&oacute;c rộng 122 độ, với t&iacute;nh năng Center Stage cho hiệu ứng s&acirc;n khấu trung t&acirc;m, khi thực hiện cuộc gọi FaceTime th&igrave; ống k&iacute;nh sẽ tự động điều chỉnh để giữ bạn lu&ocirc;n ở giữa khung h&igrave;nh kể cả khi di chuyển, l&agrave;m c&aacute;c cuộc tr&ograve; chuyện trở n&ecirc;n th&uacute; vị hơn. Camera n&agrave;y c&ograve;n hỗ trợ mở kh&oacute;a khu&ocirc;n mặt Face ID một c&aacute;ch an to&agrave;n v&agrave; tiện lợi.</p>\r\n\r\n<p><a href="https://cdn.tgdd.vn/Products/Images/522/238649/ipad-pro-m1-12-9-inch-wifi-cellular-128gb-2021-15.jpg" onclick="return false;"><img alt="iPad Pro M1 12.9 inch WiFi Cellular 128GB (2021) | Camera TrueDepth 12 MP có góc rộng 122 độ, với tính năng Center Stage" src="https://cdn.tgdd.vn/Products/Images/522/238649/ipad-pro-m1-12-9-inch-wifi-cellular-128gb-2021-15.jpg" /></a></p>\r\n\r\n<h3>Hoạt động miệt m&agrave;i c&ugrave;ng vi&ecirc;n pin lớn</h3>\r\n\r\n<p>iPad Pro 12.9 inch 2021 sở hữu vi&ecirc;n pin 40.88 Wh khoảng 10.835 mAh một dung lượng kh&aacute; dồi d&agrave;o. M&aacute;y sẵn s&agrave;ng đ&aacute;p ứng mọi nhu cầu hoạt động của người d&ugrave;ng tr&ecirc;n m&aacute;y trong nhiều giờ liền m&agrave; kh&ocirc;ng biết mệt mỏi.</p>\r\n\r\n<p><a href="https://cdn.tgdd.vn/Products/Images/522/238649/ipad-pro-m1-129-inch-07.jpg" onclick="return false;"><img alt="iPad Pro M1 12.9 inch WiFi Cellular 128GB (2021) | Sở hữu viên pin 40.88 Wh khoảng 10.835 mAh" src="https://cdn.tgdd.vn/Products/Images/522/238649/ipad-pro-m1-129-inch-07.jpg" /></a></p>\r\n\r\n<p>Với sự gi&uacute;p sức của c&ocirc;ng nghệ sạc nhanh 20 W, vi&ecirc;n pin lớn của iPad Pro 12.9 inch 2021 dễ d&agrave;ng được sạc đầy trong khoảng thời gian ngắn nhất cho ph&eacute;p, gi&uacute;p bạn nhanh ch&oacute;ng quay trở lại với c&ocirc;ng việc bận rộn hằng ng&agrave;y.</p>\r\n\r\n<p><a href="https://cdn.tgdd.vn/Products/Images/522/238649/ipad-pro-m1-12-9-inch-wifi-cellular-128gb-2021-20.jpg" onclick="return false;"><img alt="iPad Pro M1 12.9 inch WiFi Cellular 128GB (2021) | Sở hữu công nghệ sạc nhanh 20 W" src="https://cdn.tgdd.vn/Products/Images/522/238649/ipad-pro-m1-12-9-inch-wifi-cellular-128gb-2021-20.jpg" /></a></p>\r\n\r\n<p>iPad Pro M1 12.9 inch Wifi Cellular 128GB (2021) sẽ l&agrave; một chiếc&nbsp;<a href="https://www.thegioididong.com/may-tinh-bang" target="_blank">m&aacute;y t&iacute;nh bảng</a>&nbsp;mạnh mẽ, tiện dụng v&agrave; gi&uacute;p &iacute;ch cho người d&ugrave;ng trong nhiều hoạt động nhất c&oacute; thể. Bạn c&oacute; thể học online, xem phim, thiết kế đồ họa, chơi game,... tr&ecirc;n một m&agrave;n h&igrave;nh rộng thoải m&aacute;i hơn rất nhiều so với smartphone th&ocirc;ng thường.</p>', 9, 'imgProduct1668713180-.jpg', 'on', '2022-11-17 19:26:20', '2022-11-17 19:26:20'),
(26, NULL, 'SP-0007', 'Apple Watch SE LTE 44mm', 1, 2, 1, 8000000, 6000000, '<p><a href="https://www.thegioididong.com/dong-ho-thong-minh/apple-watch-se-lte-44mm-vien-nhom-day-cao-su" target="_blank">Đồng hồ Apple Watch SE LTE</a>&nbsp;vẫn mang trong m&igrave;nh n&eacute;t tinh tế v&agrave; sang trọng của một chiếc đồng hồ cao cấp với những chi tiết được gia c&ocirc;ng tinh xảo, chất liệu cao cấp (khung viền được l&agrave;m từ 100% nh&ocirc;m t&aacute;i chế), đi c&ugrave;ng với&nbsp;<a href="https://www.thegioididong.com/dong-ho-thong-minh?g=silicon" target="_blank">d&acirc;y đeo silicone</a>&nbsp;&ecirc;m &aacute;i cho người d&ugrave;ng thoải m&aacute;i hơn.</p>\r\n\r\n<p><a href="https://cdn.tgdd.vn/Products/Images/7077/229059/apple-watch-se-lte-44mm-vien-nhom-day-cao-su-thiet-ke.jpeg" onclick="return false;"><img alt="Apple Watch SE LTE 44mm - Thiết kế" src="https://cdn.tgdd.vn/Products/Images/7077/229059/apple-watch-se-lte-44mm-vien-nhom-day-cao-su-thiet-ke.jpeg" /></a></p>\r\n\r\n<h3>Bộ vi xử l&yacute; hiện đại</h3>\r\n\r\n<p>Gi&uacute;p cho những t&aacute;c vụ của người d&ugrave;ng trở n&ecirc;n dễ d&agrave;ng hơn, mượt m&agrave; hơn, mang đến những trải nghiệm tuyệt vời nhờ đồng hồ sử dụng con chip Apple S5 mang đến hiệu năng mạnh mẽ, theo như Apple th&igrave; con chip n&agrave;y sẽ mạnh hơn chip tr&ecirc;n d&ograve;ng Series 3 đến hai lần.</p>\r\n\r\n<p><a href="https://cdn.tgdd.vn/Products/Images/7077/229059/apple-watch-se-lte-44mm-vien-nhom-day-cao-su-250920-1226222.jpg" onclick="return false;"><img alt="Apple Watch SE LTE 44mm viền nhôm dây cao su trang bị con chip mạnh mẽ" src="https://cdn.tgdd.vn/Products/Images/7077/229059/apple-watch-se-lte-44mm-vien-nhom-day-cao-su-250920-1226222.jpg" /></a></p>\r\n\r\n<h3>C&oacute; hệ điều h&agrave;nh tối ưu</h3>\r\n\r\n<p>Ngo&agrave;i chip ra th&igrave; Apple c&ograve;n c&oacute; hệ điều h&agrave;nh tối ưu, với hệ điều h&agrave;nh WatchOS 7 n&agrave;y chiếc đồng hồ c&ograve;n mang đến nhiều t&iacute;nh năng đ&aacute;ng gi&aacute; như&nbsp;theo d&otilde;i giấc ngủ, mặt đồng hồ artist, kiểm tra độ chai pin của đồng hồ, th&ocirc;ng b&aacute;o tr&ecirc;n Iphone khi Apple Watch sạc đầy pin,&nbsp;tối ưu h&oacute;a sạc pin.</p>\r\n\r\n<p>(Phi&ecirc;n bản hệ điều h&agrave;nh WatchOS 7 ph&ugrave; hợp với thời điểm sản phẩm mới ra mắt).</p>\r\n\r\n<p><a href="https://cdn.tgdd.vn/Products/Images/7077/229059/apple-watch-se-lte-44mm-vien-nhom-day-cao-su-250920-1226233.jpg" onclick="return false;"><img alt="Apple Watch SE LTE 44mm viền nhôm dây cao su có hệ điều hành tối ưu" src="https://cdn.tgdd.vn/Products/Images/7077/229059/apple-watch-se-lte-44mm-vien-nhom-day-cao-su-250920-1226233.jpg" /></a></p>\r\n\r\n<h3>C&oacute; m&agrave;n h&igrave;nh r&otilde; n&eacute;t</h3>\r\n\r\n<p>C&ocirc;ng nghệ m&agrave;n h&igrave;nh OLED với mật độ điểm ảnh cao, cho c&aacute;c chi tiết tr&ecirc;n chiếc đồng hồ đều như l&agrave; thật v&agrave; tiết kiệm pin hơn.</p>\r\n\r\n<h3>Trang bị bộ sưu tập mặt đồng hồ khổng lồ</h3>\r\n\r\n<p>Với hệ mặt đồng hồ phong ph&uacute;, nhiều mặt đồng hồ đẹp mang đến nhiều sự lựa chọn cho bạn với c&aacute;c chủ đề kh&aacute;c nhau. Hơn hết bạn c&ograve;n c&oacute; thể tự tạo ri&ecirc;ng cho m&igrave;nh một mặt đồng hồ theo phong c&aacute;ch v&agrave; sở th&iacute;ch của bản th&acirc;n.</p>\r\n\r\n<p><a href="https://cdn.tgdd.vn/Products/Images/7077/229059/apple-watch-se-lte-44mm-vien-nhom-day-cao-su-250920-1226255.jpg" onclick="return false;"><img alt="Apple Watch SE LTE 44mm viền nhôm dây cao su có nhiều mặt đồng hồ cho người dùng tùy chọn" src="https://cdn.tgdd.vn/Products/Images/7077/229059/apple-watch-se-lte-44mm-vien-nhom-day-cao-su-250920-1226255.jpg" /></a></p>\r\n\r\n<h3>Độc lập hơn với điện thoại</h3>\r\n\r\n<p>Kh&ocirc;ng chỉ c&oacute; c&aacute;c chức năng của một chiếc đồng hồ th&ocirc;ng thường m&agrave; c&ograve;n c&oacute; thể thực hiện một số c&ocirc;ng việc của&nbsp;<a href="https://www.thegioididong.com/dtdd" target="_blank">điện thoại</a>, trong đ&oacute; bao gồm thực hiện v&agrave; nhận cuộc gọi, người d&ugrave;ng c&oacute; thể sử dụng đồng hồ để&nbsp;<a href="https://www.thegioididong.com/dong-ho-thong-minh?g=nghe-goi-tren-dong-ho" target="_blank">nghe, gọi</a>&nbsp;kh&ocirc;ng kh&aacute;c g&igrave; chiếc điện thoại.</p>\r\n\r\n<p>Xem th&ecirc;m:&nbsp;<a href="https://www.thegioididong.com/hoi-dap/esim-la-gi-esim-co-su-dung-duoc-o-viet-nam-khong-1118062#subhmenuid7" target="_blank">C&aacute;ch kết nối eSIM tr&ecirc;n smartwatch</a></p>\r\n\r\n<p><a href="https://cdn.tgdd.vn/Products/Images/7077/229059/apple-watch-se-lte-44mm-vien-nhom-day-cao-su-250920-1226276.jpg" onclick="return false;"><img alt="Apple Watch SE LTE 44mm viền nhôm dây cao su có thể nghe gọi trực tiếp" src="https://cdn.tgdd.vn/Products/Images/7077/229059/apple-watch-se-lte-44mm-vien-nhom-day-cao-su-250920-1226276.jpg" /></a></p>\r\n\r\n<h3>C&oacute; thời lượng pin l&acirc;u hơn</h3>\r\n\r\n<p>Với thời lượng pin lớn hơn 1 ng&agrave;y cho tất cả t&aacute;c vụ, m&agrave;n h&igrave;nh v&agrave; chức năng trong đồng hồ l&agrave; một thời lượng&nbsp;<a href="https://www.thegioididong.com/sac-dtdd" target="_blank">pin</a>&nbsp;l&yacute; tưởng m&agrave; bạn kh&ocirc;ng thể bỏ qua tr&ecirc;n chiếc đồng hồ&nbsp;<a href="https://www.thegioididong.com/dong-ho-thong-minh-apple-watch-se">Apple Watch SE&nbsp;</a>n&agrave;y.</p>\r\n\r\n<p><a href="https://cdn.tgdd.vn/Products/Images/7077/229059/apple-watch-se-lte-44mm-vien-nhom-day-cao-su-250920-1226287.jpg" onclick="return false;"><img alt="Apple Watch SE LTE 44mm viền nhôm dây cao su có thời lượng pin lớn" src="https://cdn.tgdd.vn/Products/Images/7077/229059/apple-watch-se-lte-44mm-vien-nhom-day-cao-su-250920-1226287.jpg" /></a></p>\r\n\r\n<h3>H&agrave;ng loạt t&iacute;nh năng theo d&otilde;i sức khỏe</h3>\r\n\r\n<p>Chiếc&nbsp;<a href="https://www.thegioididong.com/dong-ho-thong-minh" target="_blank">đồng hồ th&ocirc;ng minh</a>&nbsp;n&agrave;y sẽ cho bạn nhiều th&ocirc;ng số về sức khỏe của bạn như&nbsp;<a href="https://www.thegioididong.com/dong-ho-thong-minh-theo-doi-giac-ngu" target="_blank">theo d&otilde;i giấc ngủ</a>, theo d&otilde;i nhịp tim,&nbsp;<a href="https://www.thegioididong.com/dong-ho-thong-minh?g=tinh-luong-calories-tieu-thu" target="_blank">t&iacute;nh lượng calories ti&ecirc;u thụ</a>,&nbsp;<a href="https://www.thegioididong.com/dong-ho-thong-minh?g=dem-so-buoc-chan" target="_blank">đếm số bước ch&acirc;n</a>,&nbsp;<a href="https://www.thegioididong.com/dong-ho-thong-minh?g=che-do-luyen-tap" target="_blank">chế độ luyện tập</a>, t&iacute;nh qu&atilde;ng đường chạy, gi&uacute;p bạn theo d&otilde;i v&agrave; nắm bắt được sức khỏe của m&igrave;nh tốt hơn.</p>\r\n\r\n<p><a href="https://cdn.tgdd.vn/Products/Images/7077/229059/apple-watch-se-lte-44mm-vien-nhom-day-cao-su-250920-1226298.jpg" onclick="return false;"><img alt="Apple Watch SE LTE 44mm viền nhôm dây cao su có nhiều tính năng hỗ trợ sức khỏe" src="https://cdn.tgdd.vn/Products/Images/7077/229059/apple-watch-se-lte-44mm-vien-nhom-day-cao-su-250920-1226298.jpg" /></a></p>\r\n\r\n<h3>Theo d&otilde;i v&agrave; ph&aacute;t hiện t&eacute; ng&atilde;</h3>\r\n\r\n<p>Chiếc đồng hồ sẽ ph&aacute;t ra &acirc;m thanh cảnh b&aacute;o nếu n&oacute; ph&aacute;t hiện người đeo vừa bị ng&atilde;, đồng thời tr&ecirc;n m&agrave;n h&igrave;nh xuất hiện một th&ocirc;ng b&aacute;o đẩy (push notification) hỏi xem người d&ugrave;ng c&oacute; ổn kh&ocirc;ng. Nếu&nbsp;<a href="https://www.thegioididong.com/dong-ho" target="_blank">đồng hồ</a>&nbsp;kh&ocirc;ng ph&aacute;t hiện bất kỳ chuyển động n&agrave;o từ người đeo sau một khoảng thời gian nhất định, n&oacute; sẽ tự động li&ecirc;n hệ với c&aacute;c dịch vụ cấp cứu v&agrave; gọi cho c&aacute;c số điện thoại li&ecirc;n lạc khẩn cấp m&agrave; người d&ugrave;ng đ&atilde; c&agrave;i đặt trước đ&oacute; để xin trợ gi&uacute;p.</p>\r\n\r\n<p><a href="https://cdn.tgdd.vn/Products/Images/7077/229059/apple-watch-se-lte-44mm-vien-nhom-day-cao-su-250920-1226309.jpg" onclick="return false;"><img alt="Apple Watch SE LTE 44mm viền nhôm dây cao su bảo vệ bạn tốt hơn" src="https://cdn.tgdd.vn/Products/Images/7077/229059/apple-watch-se-lte-44mm-vien-nhom-day-cao-su-250920-1226309.jpg" /></a></p>\r\n\r\n<h3>Cải thiện thể chất của bản th&acirc;n</h3>\r\n\r\n<p>Gi&uacute;p người d&ugrave;ng c&oacute; thể cải thiện được sức khỏe của bản th&acirc;n dễ d&agrave;ng hơn khi được hỗ trợ nhiều&nbsp;<a href="https://www.thegioididong.com/dong-ho-thong-minh?g=che-do-luyen-tap" target="_blank">chế độ luyện tập</a>&nbsp;từ cơ bản đến n&acirc;ng cao, gi&uacute;p cho bạn c&oacute; thể luyện tập, cải thiện sức khỏe của bản th&acirc;n h&agrave;ng ng&agrave;y, với những b&agrave;i tập khoa học, đưa ra những th&ocirc;ng số ch&iacute;nh x&aacute;c về b&agrave;i tập vừa tập.</p>\r\n\r\n<p><a href="https://cdn.tgdd.vn/Products/Images/7077/229059/apple-watch-se-lte-44mm-vien-nhom-day-cao-su-250920-1244531.jpg" onclick="return false;"><img alt="Apple Watch SE LTE 44mm viền nhôm dây cao su có nhiều chế độ luyện tập" src="https://cdn.tgdd.vn/Products/Images/7077/229059/apple-watch-se-lte-44mm-vien-nhom-day-cao-su-250920-1244531.jpg" /></a></p>\r\n\r\n<h3>Thay mặt bạn l&agrave;m việc nhiều hơn</h3>\r\n\r\n<p>Với trợ l&yacute; ảo Siri, bạn c&oacute; thể thực hiện nhiều c&ocirc;ng việc hơn th&ocirc;ng qua điều khiển bằng giọng n&oacute;i, Siri sẽ gi&uacute;p bạn t&igrave;m hoặc l&agrave;m những g&igrave; bạn cần. Bạn c&oacute; thể đặt c&acirc;u hỏi cho Siri, y&ecirc;u cầu hướng dẫn cho bạn điều g&igrave; đ&oacute; hoặc ra lệnh cho Siri thực hiện thay một t&aacute;c vụ g&igrave; đ&oacute; thay mặt bạn.</p>\r\n\r\n<p><a href="https://cdn.tgdd.vn/Products/Images/7077/229059/apple-watch-se-lte-44mm-vien-nhom-day-cao-su-250920-12263311.jpg" onclick="return false;"><img alt="Apple Watch SE LTE 44mm viền nhôm dây cao su có trợ lý ảo Siri" src="https://cdn.tgdd.vn/Products/Images/7077/229059/apple-watch-se-lte-44mm-vien-nhom-day-cao-su-250920-12263311.jpg" /></a></p>\r\n\r\n<h3>Dễ d&agrave;ng kết nối với những th&agrave;nh vi&ecirc;n trong gia đ&igrave;nh</h3>\r\n\r\n<p>Với t&iacute;nh năng Family Setup, một t&agrave;i khoản iCloud c&oacute; thể quản l&yacute; nhiều chiếc đồng hồ th&ocirc;ng minh kh&aacute;c nhau, gi&uacute;p bạn thuận tiện hơn trong việc chăm s&oacute;c trẻ em, người gi&agrave;.</p>\r\n\r\n<p>Lưu &yacute;: T&iacute;nh năng n&agrave;y hiện kh&ocirc;ng khả dụng ở Việt Nam.</p>\r\n\r\n<p><a href="https://cdn.tgdd.vn/Products/Images/7077/229059/apple-watch-se-lte-44mm-vien-nhom-day-cao-su-225420-095416.jpg" onclick="return false;"><img alt="Apple Watch SE LTE 44mm viền nhôm dây cao su được hỗ trợ family setup" src="https://cdn.tgdd.vn/Products/Images/7077/229059/apple-watch-se-lte-44mm-vien-nhom-day-cao-su-225420-095416.jpg" /></a></p>\r\n\r\n<h3>Tắm, bơi ở v&ugrave;ng nước n&ocirc;ng với chỉ số&nbsp;<a href="https://www.thegioididong.com/dong-ho-thong-minh-chong-nuoc-5-atm" target="_blank">chống nước 5 ATM</a></h3>\r\n\r\n<p>Đồng hồ c&oacute; hệ số chống nước 5 ATM -&nbsp;ISO 22810:2010 (Tắm, Bơi v&ugrave;ng nước n&ocirc;ng) n&ecirc;n c&oacute; thể được sử dụng trong c&aacute;c hoạt động dưới mặt nước n&ocirc;ng như bơi trong bể hoặc ở biển. Kh&ocirc;ng n&ecirc;n sử dụng khi lặn với b&igrave;nh kh&iacute;, lướt v&aacute;n nước hoặc c&aacute;c hoạt động kh&aacute;c li&ecirc;n quan đến nước c&oacute; tốc độ cao hoặc nhấn ch&igrave;m dưới mực nước n&ocirc;ng.&nbsp;Bật t&iacute;nh năng kh&oacute;a chống nước trước khi mang sản phẩm đi bơi, đi mưa, kh&ocirc;ng ấn c&aacute;c n&uacute;t điều chỉnh, kh&ocirc;ng d&ugrave;ng trong ph&ograve;ng tắm hơi, tắm nước n&oacute;ng.</p>\r\n\r\n<p>Apple Việt Nam&nbsp;<strong>kh&ocirc;ng bảo h&agrave;nh</strong>, đổi trả trong trường hợp sản phẩm bị v&agrave;o nước.</p>\r\n\r\n<p>Xem th&ecirc;m hướng dẫn sử dụng v&agrave; c&aacute;ch xử l&yacute; sản phẩm khi v&agrave;o nước&nbsp;<a href="https://support.apple.com/vi-vn/guide/watch/apd707b42a5e/watchos" target="_blank">tại đ&acirc;y</a>.</p>\r\n\r\n<p><a href="https://cdn.tgdd.vn/Products/Images/7077/233260/se-44mm-vien-nhom-day-cao-su-hongcn.jpg" onclick="return false;"><img alt="Apple Watch SE LTE 44mm viền nhôm dây cao su đen có hệ số chống nước 5 ATM" src="https://cdn.tgdd.vn/Products/Images/7077/233260/se-44mm-vien-nhom-day-cao-su-hongcn.jpg" /></a></p>\r\n\r\n<h3>C&ograve;n rất nhiều t&iacute;nh năng kh&aacute;c</h3>\r\n\r\n<p>Sản phẩm của nh&agrave; t&aacute;o c&ograve;n mang đến nhiều tiện &iacute;ch kh&aacute;c đang chờ người d&ugrave;ng trải nghiệm như thời tiết, điều khiển nhạc, bản đồ, t&igrave;m đồng hồ, th&ocirc;ng b&aacute;o tin nhắn,...</p>\r\n\r\n<p><a href="https://cdn.tgdd.vn/Products/Images/7077/229059/apple-watch-se-lte-44mm-vien-nhom-day-cao-su-250920-12263513.jpg" onclick="return false;"><img alt="Apple Watch SE LTE 44mm viền nhôm dây cao su có thêm nhiều tính năng thú vị" src="https://cdn.tgdd.vn/Products/Images/7077/229059/apple-watch-se-lte-44mm-vien-nhom-day-cao-su-250920-12263513.jpg" /></a></p>\r\n\r\n<p>Nh&igrave;n chung,&nbsp;<a href="https://www.thegioididong.com/dong-ho-thong-minh-apple" target="_blank">Apple Watch</a>&nbsp;lu&ocirc;n l&agrave; một trong những chiếc đồng hồ đ&aacute;ng đồng tiền b&aacute;t gạo nhờ c&oacute; thiết kế hiện đại, sang trọng,&nbsp;<a href="https://www.thegioididong.com/day-dong-ho" target="_blank">d&acirc;y đeo</a>&nbsp;&ecirc;m tay. Chiếc đồng hồ n&agrave;y c&ograve;n sở hữu h&agrave;ng loạt t&iacute;nh năng thời thượng m&agrave; nhiều h&atilde;ng đồng hồ đang hướng tới.&nbsp;</p>', 9, 'imgProduct1668713415-.jpg', 'on', '2022-11-17 19:30:15', '2022-11-17 19:30:15');

-- 
-- Dumping data for table importbill
--
-- Table quan_ly_website_ban_dien_thoai.importbill does not contain any data (it is empty)

-- 
-- Dumping data for table orderdetail
--
INSERT INTO orderdetail VALUES
(16, 21, 25, 30000000, 1, 30000000),
(17, 21, 26, 8000000, 1, 8000000),
(18, 21, 20, 20000000, 1, 20000000),
(19, 22, 20, 20000000, 1, 20000000),
(20, 22, 21, 9000000, 1, 9000000),
(21, 22, 22, 6000000, 1, 6000000),
(22, 23, 25, 30000000, 1, 30000000),
(23, 23, 20, 20000000, 1, 20000000),
(24, 23, 21, 9000000, 1, 9000000);

-- 
-- Dumping data for table importbilldetail
--
-- Table quan_ly_website_ban_dien_thoai.importbilldetail does not contain any data (it is empty)

-- 
-- Dumping data for table attribute
--
INSERT INTO attribute VALUES
(20, NULL, 'Màn hình', '2022-11-17 17:48:35', '2022-11-17 17:48:35'),
(21, NULL, 'Hệ điều hành', '2022-11-17 17:48:52', '2022-11-17 17:48:52'),
(22, NULL, 'Camera', '2022-11-17 17:49:06', '2022-11-17 17:49:06'),
(23, NULL, 'Ram', '2022-11-17 17:49:12', '2022-11-17 17:49:12'),
(24, NULL, 'Rom', '2022-11-17 17:49:16', '2022-11-17 17:49:16'),
(25, NULL, 'CPU', '2022-11-17 17:49:33', '2022-11-17 17:49:33'),
(28, NULL, 'Thời lượng pin', '2022-11-17 19:27:32', '2022-11-17 19:27:32'),
(29, NULL, 'Tính năng', '2022-11-17 19:27:44', '2022-11-17 19:27:44');

-- 
-- Dumping data for table productitem
--
-- Table quan_ly_website_ban_dien_thoai.productitem does not contain any data (it is empty)

-- 
-- Dumping data for table productattribute
--
INSERT INTO productattribute VALUES
(73, 20, 20, 'Super Retina XDR OLED, HDR10, Dolby Vision 6.1 inches'),
(74, 20, 21, 'IOS 16'),
(75, 20, 22, '12 MP, f/1.5, 26mm (góc rộng), dual pixel PDAF, sensor-shift OIS'),
(76, 20, 23, '6 GB'),
(77, 20, 24, '128GB'),
(78, 20, 25, 'Apple A15 Bionic (5 nm)'),
(79, 21, 20, 'Liquid Retina IPS LCD 6.1 inches'),
(80, 21, 21, 'IOS 13, có thể nâng cấp lên iOS 15'),
(81, 21, 22, '12 MP, f/1.8, 26mm (góc rộng), dual pixel PDAF, OIS'),
(82, 21, 23, '4GB'),
(83, 21, 24, '64 GB'),
(84, 21, 25, 'Apple A13 Bionic (7 nm+)'),
(85, 22, 20, 'Retina IPS LCD 5.5 inches'),
(86, 22, 21, 'IOS 11 - iOS 14'),
(87, 22, 22, '12 MP, f/1.8, 28mm (góc rộng), PDAF, OIS'),
(88, 22, 23, '3GB'),
(89, 22, 24, '256 GB NVMe'),
(90, 22, 25, 'Apple A11 Bionic (10 nm)'),
(91, 23, 20, 'OLED, 120Hz, HDR10+ 6.67 inches, Full HD+ (1080 x 2400 pixels)'),
(92, 23, 21, 'Android 12, MIUI 13'),
(93, 23, 22, '200 MP, f/1.7 (góc rộng), PDAF'),
(94, 23, 23, '8 GB'),
(95, 23, 24, '256GB'),
(96, 23, 25, 'MediaTek Dimensity 1080 (6 nm)'),
(97, 24, 20, 'IPS LCD, 120Hz, HDR10, 650 nits (typ) 6.67 inches'),
(98, 24, 21, 'Android 11, Funtouch 12 (International), OriginOS'),
(99, 24, 22, '64 MP, f/1.8, 26mm (góc rộng), 1/1.97", 0.7µm, PDAF'),
(100, 24, 23, '8-GB'),
(101, 24, 24, '128GB'),
(102, 24, 25, 'Qualcomm Snapdragon 778G 5G (6 nm)'),
(105, 25, 20, '12.9"Liquid Retina XDR'),
(106, 25, 21, 'iPadOS 15'),
(107, 25, 22, 'Chính 12 MP & Phụ 10 MP, TOF 3D LiDAR'),
(108, 25, 23, '8 GB'),
(109, 25, 24, '128 GB'),
(110, 25, 25, 'Apple M1'),
(111, 26, 20, 'OLED1.78 inch'),
(112, 26, 21, 'Khoảng 1.5 ngày'),
(113, 26, 22, 'Tính quãng đường chạy, tính lượng calories, đếm số bước chân');

-- 
-- Dumping data for table categoryattribute
--
INSERT INTO categoryattribute VALUES
(12, 1, 20, NULL, NULL),
(13, 1, 21, NULL, NULL),
(14, 1, 22, NULL, NULL),
(15, 1, 23, NULL, NULL),
(16, 1, 24, NULL, NULL),
(17, 1, 25, NULL, NULL),
(18, 3, 20, NULL, NULL),
(19, 3, 21, NULL, NULL),
(20, 3, 22, NULL, NULL),
(21, 3, 23, NULL, NULL),
(22, 3, 24, NULL, NULL),
(23, 3, 25, NULL, NULL),
(25, 2, 20, NULL, NULL),
(26, 2, 28, NULL, NULL),
(27, 2, 29, NULL, NULL);

-- 
-- Restore previous SQL mode
-- 
/*!40101 SET SQL_MODE=@OLD_SQL_MODE */;

-- 
-- Enable foreign keys
-- 
/*!40014 SET FOREIGN_KEY_CHECKS = @OLD_FOREIGN_KEY_CHECKS */;